userId,name,pw,sex,age,phone,address,season,with_who
ixtbfno@google.com,조지웅,kx94985,M,38,010-3753-0589,21,S03,W01
vvsienxz830@google.com,정지순,j2364211959,F,66,010-6301-7277,23,S03,W02
tgtnm7@google.com,임민임,bi86641,F,75,010-1467-7889,37,S02,W04
ixtbfno@google.com,윤민장,y0283,M,35,010-7686-4947,26,S02,W04
xphoqjhd@google.com,강도장,cd0655156023,M,21,010-7385-8936,37,S04,W04
gakgp@google.com,조초진,15749372,F,20,010-5316-7332,24,S02,W04
jhgypf@google.com,윤현혁,9774265,M,57,010-0370-2564,21,S04,W03
wtipzqwm234@google.com,조도장,66123019,F,21,010-6830-4198,32,S01,W03
ufog693@google.com,박서수,o517699,M,59,010-7987-4488,11,S04,W04
rdng1@google.com,박지임,20190584,M,60,010-9806-6497,33,S04,W03
xhnblh3@google.com,김서혁,g8423227,F,80,010-8023-1584,24,S01,W03
jrhiwx@google.com,윤윤진,a97236,F,20,010-8756-2544,25,S02,W03
whtrgrpj@google.com,이도혁,it61712,F,31,010-7593-0133,22,S03,W02
kypsnqx@google.com,강현혜,0617177,M,26,010-0571-1838,35,S04,W04
efykqwni559@google.com,김윤지,8146021,M,20,010-9177-3803,38,S02,W04
ohqixes2@google.com,조하혜,hg970177503,M,65,010-2480-0386,29,S03,W04
offytdz6892@google.com,임현혜,24829326,F,74,010-3627-1129,24,S03,W03
dnngwpv5@google.com,윤도혜,ps412565,M,44,010-4378-0845,33,S03,W01
vire003@google.com,이초혁,77652,M,56,010-6613-1673,23,S01,W04
ekbjim662@google.com,임윤지,yy0876,M,72,010-3890-7989,26,S03,W01
luoh358@google.com,최예임,611600,F,74,010-6402-2669,32,S04,W04
aseg@google.com,정지혜,329436468,F,23,010-9034-1462,39,S04,W03
hoypw7691@google.com,김윤진,rh541532612,F,66,010-2630-1630,37,S02,W04
mrjm12@google.com,조도수,r3778404,F,42,010-9524-1464,32,S04,W04
gakgp@google.com,장초웅,831392,M,64,010-0564-5044,37,S04,W04
tuqtqq92@google.com,강현장,dd254578378,F,39,010-8298-8483,35,S03,W04
incdup@google.com,조윤임,pb172440,F,72,010-6898-4860,11,S03,W01
nqklgoha1693@google.com,조윤혜,df154692,F,26,010-6548-8909,31,S01,W04
nzrph145@google.com,이지수,wp3172402,M,51,010-1277-3313,31,S03,W04
fmru5027@google.com,강도연,634818303,F,67,010-2920-2586,34,S03,W01
drrva9@google.com,강도장,km48119,M,72,010-9083-3952,33,S03,W03
aooq5661@google.com,윤윤진,d466981640,M,59,010-3006-1178,11,S04,W02
rliitqj9@google.com,김초혁,gu7947381,F,16,010-4958-9150,32,S04,W02
ltinr834@google.com,정하지,z052116,F,31,010-7848-8953,22,S02,W01
luash2@google.com,장도순,9863971,M,43,010-5735-8584,21,S02,W03
pvts577@google.com,정현수,ln422442,F,14,010-2122-3012,36,S01,W04
uvurya@google.com,조하임,w291508,F,58,010-2025-7108,21,S01,W01
hebsg699@google.com,강윤임,g15012,F,37,010-1872-5959,22,S02,W02
ygozcjy95@google.com,김윤수,e81812,F,17,010-2876-3808,25,S04,W02
ovoivjib@google.com,조현순,z957894,M,60,010-7753-2981,39,S03,W02
lcedddm436@google.com,장하순,nr611953,F,27,010-9034-6402,25,S04,W01
qprfjj14@google.com,윤현임,r0323907,M,16,010-9350-6265,33,S04,W01
flphqg972@google.com,박서수,w1915768,F,67,010-1017-5940,26,S01,W03
jgsxvhhs756@google.com,최민수,ul0430105447,F,21,010-1040-2576,26,S01,W04
lpcdvucs@google.com,이서혜,gn5708,F,12,010-3397-8764,24,S03,W04
vkmaog@google.com,강하혜,dc7261124,M,31,010-9269-9153,33,S03,W03
glrvh184@google.com,장하혁,m560191722,M,80,010-5544-5561,11,S01,W04
dmvgi732@google.com,이도혁,n436597578,M,49,010-7348-8213,24,S03,W02
joao49@google.com,김하혜,rb7123,M,56,010-9740-3798,29,S01,W03
cmzjfh04@google.com,정하지,3743922,F,42,010-5968-8860,11,S01,W04
vyazg9380@google.com,박서혁,f8774045582,M,51,010-3603-4135,38,S02,W02
uvoq1671@google.com,윤현임,o2402236,M,77,010-9055-4305,37,S02,W02
fbhdgdz885@google.com,조도혁,1204,M,51,010-7044-1705,37,S04,W03
ralpiytn1283@google.com,강윤웅,sp75452,F,75,010-9922-8020,32,S04,W04
kypsnqx@google.com,박현수,0763318980,F,38,010-3625-4534,35,S01,W03
gbibs6@google.com,강초수,mn779277,F,61,010-2987-9593,25,S04,W03
uwge1235@google.com,조서혁,p0777,F,77,010-0670-1505,26,S03,W03
bzpgc36@google.com,강예연,37833060,M,30,010-4491-1223,39,S04,W02
jxsovp@google.com,최도수,301630750,F,42,010-2403-8188,22,S02,W02
tzvnjx6555@google.com,윤민웅,k0493321483,M,17,010-9909-5987,36,S04,W02
xvpzed6@google.com,장지수,0618885,F,57,010-1765-9644,34,S04,W01
raytzj5@google.com,김초순,e53437234,F,74,010-6304-8754,32,S04,W01
gwff@google.com,조지혁,f68391,M,15,010-5077-9953,38,S02,W03
ncadikb@google.com,이현임,kf16294,F,19,010-5050-4652,24,S01,W03
yxlxmmco@google.com,강초순,a7481,F,72,010-9558-3697,29,S01,W04
bmzitct3@google.com,최서혜,bw9658,M,21,010-6949-9415,31,S03,W03
ovoivjib@google.com,이도진,73244,F,41,010-2905-9247,11,S02,W01
nllp9@google.com,강지연,52010269,M,80,010-5317-1308,34,S01,W02
ylnj293@google.com,장윤수,722862,F,19,010-6372-7753,11,S02,W04
dnngwpv5@google.com,장현장,yh91989762,M,32,010-7658-7860,29,S03,W03
jnykf0@google.com,박지지,69103251,F,36,010-2999-6052,25,S04,W04
douf5@google.com,최민혜,oi057987723,M,79,010-8377-1521,36,S01,W04
ugveuy@google.com,정현순,05917,M,29,010-9233-8308,29,S03,W04
uxqjladx8@google.com,최윤순,mw65986,M,42,010-2271-8858,31,S03,W03
xtdzaf17@google.com,장도혜,8736748,M,10,010-5088-4943,33,S01,W01
zguuxs0514@google.com,김하임,kd9618049936,M,26,010-3047-9424,21,S01,W04
aoajq8@google.com,이민혜,c7272,M,80,010-4942-7143,21,S03,W03
kccn666@google.com,박예수,375426,F,50,010-6349-9672,26,S01,W01
ltinr834@google.com,박초진,0833229915,F,51,010-3625-4886,25,S03,W03
vmihca6@google.com,윤현혜,jo45069357,M,32,010-7100-0584,24,S01,W03
xtowehgm9@google.com,임도혁,vm002745,F,56,010-5424-7646,35,S03,W04
idavvilw5895@google.com,조예순,q3801,M,78,010-3805-3774,35,S04,W02
euzvcfvi2@google.com,윤현장,o7090240130,M,77,010-5288-5312,25,S03,W04
ekekhcpr0@google.com,최민웅,653048271,F,54,010-3150-3558,24,S01,W03
wrjil127@google.com,정하임,17514,M,24,010-2314-0351,39,S01,W02
zfgvqfaq3384@google.com,임민웅,t36440289,F,80,010-1809-7190,25,S02,W02
wutigv9089@google.com,박초혜,58621,M,32,010-7532-6845,32,S01,W02
qcqnz@google.com,이지혁,ce35103590,F,39,010-5209-2385,39,S02,W03
klimeo@google.com,김초지,6829405,M,49,010-7965-9934,25,S04,W02
vpjbx75@google.com,윤초임,b3067656653,M,53,010-7655-1034,37,S02,W03
msobxbgy2501@google.com,김서장,wo7517,M,24,010-5577-9559,38,S02,W03
rlwj428@google.com,김도수,t281425839,M,22,010-1523-6625,31,S02,W04
ykvhsbf46@google.com,조하혜,088735,F,20,010-6095-0903,26,S04,W01
ipabpxwc5993@google.com,강현진,h71266,M,37,010-1077-0114,39,S04,W04
whfvdw406@google.com,박민순,ci6640132142,M,50,010-7044-2823,37,S03,W04
taqhkg3@google.com,장서혜,pe253738442,F,78,010-2108-3992,22,S01,W03
nomgnim8@google.com,조민순,py39982945,F,72,010-6960-4964,21,S01,W01
msobxbgy2501@google.com,김하진,f77899298,F,24,010-1892-1501,21,S01,W02
jxhfok622@google.com,강초지,g370832601,F,74,010-0906-2816,31,S01,W03
gakgp@google.com,최도수,k52697,M,76,010-4053-4931,32,S01,W01
zirfnpx8@google.com,박하진,sa1693457,F,44,010-6811-9220,24,S02,W03
qfrcbk206@google.com,정민장,96227404,F,55,010-1954-7296,32,S02,W04
traukhnn257@google.com,조현웅,ee959503813,F,38,010-6928-7760,37,S04,W01
bnycanxr16@google.com,정초진,mw24811845,M,42,010-7213-1168,38,S02,W03
ydltyqm7@google.com,윤초장,366685,M,12,010-7325-2151,33,S01,W01
ccry79@google.com,김하지,83167999,F,50,010-1223-9229,31,S02,W04
pyqsznt113@google.com,조지혁,0370798,M,72,010-3532-5127,34,S03,W02
ufog693@google.com,김초혜,zf7763653,F,79,010-3293-0158,22,S01,W02
hoypw7691@google.com,김도수,gw3602,M,17,010-9028-5156,11,S03,W01
oynr@google.com,정윤웅,q4278534,M,45,010-0321-4150,36,S02,W03
qprcyi192@google.com,김민진,3310,M,21,010-4579-4814,25,S04,W03
toukcab630@google.com,강초웅,t638235,M,71,010-1707-7604,39,S03,W02
mtuyzlo56@google.com,윤지수,cs850985785,F,40,010-4748-8966,38,S01,W02
gcwwqslz3878@google.com,최서연,35151254,F,55,010-1106-2781,29,S02,W01
odyaawoo4@google.com,박초혁,mf94747,M,65,010-3528-7621,39,S03,W02
syjnodo9@google.com,김하지,xo7029,M,70,010-9687-0322,36,S04,W04
euohwr5631@google.com,정도혜,46352978,F,35,010-1149-0758,34,S01,W04
dmyxzwyo83@google.com,임현혜,163180186,F,28,010-8465-6198,38,S03,W04
qmbpre569@google.com,강민혜,ub807967033,F,22,010-9896-3522,23,S04,W03
anrjk6689@google.com,조현혜,ft997041,F,53,010-6664-8107,39,S02,W01
otilhzu6@google.com,김서수,cl066968790,F,36,010-7580-0060,25,S02,W04
fycutzj947@google.com,최윤혜,459487623,F,75,010-5277-0174,26,S04,W04
zfgvqfaq3384@google.com,최하수,v3123264432,M,70,010-2186-6799,34,S01,W03
qaahqr6@google.com,이도지,mc02012773,F,56,010-3807-4026,38,S03,W02
uemhmalx4@google.com,조도진,s942872983,F,72,010-3326-0138,22,S02,W04
xphoqjhd@google.com,장초혜,k6019779,F,25,010-7474-1986,34,S04,W01
pqysx501@google.com,김지순,ff866043037,F,76,010-4722-8421,39,S02,W02
eqytua@google.com,강도혜,f8898,M,39,010-5213-6242,22,S03,W04
uqsnrdc2403@google.com,이서혜,q2815518122,M,69,010-8964-5705,11,S02,W02
xsul@google.com,장도혁,ja9121066752,M,21,010-4421-2183,21,S02,W02
vqclt844@google.com,장지장,w179339,M,18,010-0726-8054,36,S02,W03
kvgras@google.com,조윤지,te97680,M,25,010-4010-4896,34,S01,W02
pgcrky7298@google.com,정민순,988037633,F,51,010-0204-6288,34,S01,W02
skkxj058@google.com,최윤지,mt91918,F,61,010-8807-4422,33,S01,W01
wzljy831@google.com,윤윤혜,2153516270,F,28,010-4864-8113,36,S02,W01
szsinnf6932@google.com,임지진,m4680789,F,10,010-3697-2764,34,S03,W02
ksbjajv47@google.com,임서혁,67740,F,25,010-6930-8596,39,S02,W03
hspsxquj0588@google.com,이하순,vy7846,F,45,010-2326-7030,29,S02,W04
udwke4@google.com,조민연,08058,F,72,010-9262-5076,21,S02,W02
yszcu36@google.com,박민임,j9136591594,F,67,010-1650-6379,37,S03,W03
tkbljgx734@google.com,장예혁,mr52147610,M,58,010-8826-3436,31,S03,W04
vdbw5500@google.com,이예연,zy365866,M,11,010-7911-1447,21,S02,W02
qaahqr6@google.com,최초임,gr37847782,M,35,010-5903-9418,31,S04,W01
rayyqs3@google.com,임하수,12822599,F,76,010-1514-3821,26,S03,W03
mhrs2064@google.com,박지혜,131956480,F,38,010-9430-7069,29,S01,W01
rwpblibj5@google.com,박도지,jn1345,F,65,010-4905-2965,32,S01,W01
qvcupkj210@google.com,윤도혜,r6587008,M,76,010-7339-4855,24,S04,W01
fbhdgdz885@google.com,정지지,h0010628,F,78,010-3681-9654,24,S02,W01
slkp65@google.com,조예연,7682076,M,71,010-0322-9221,37,S03,W04
gndqjyl76@google.com,이도지,hd75377217,F,34,010-2398-3069,23,S03,W03
yobqyiek6@google.com,윤민혁,i350528,M,46,010-4166-7889,31,S01,W01
ljgx4@google.com,최초혁,1679780910,F,78,010-7698-1975,33,S01,W02
eqytua@google.com,장지진,6496172130,M,13,010-3985-5037,33,S04,W01
ikgbge7@google.com,이초지,767484,F,17,010-1117-1835,24,S04,W04
fokkf@google.com,윤하순,v77532613,M,11,010-1249-2045,24,S04,W04
sscedi6@google.com,정민순,6272626770,M,41,010-6140-7289,24,S01,W04
zbmwg183@google.com,장윤지,91516023,F,53,010-3412-8186,34,S02,W03
idavvilw5895@google.com,정도장,ei755777292,F,76,010-2342-9149,33,S04,W01
wtwnaxw@google.com,이초임,2718,M,48,010-0438-0201,35,S04,W04
gicdv@google.com,장윤임,mm450878,M,60,010-6157-1514,26,S04,W04
wvzgfflx67@google.com,임하장,m162807128,M,34,010-0174-3775,21,S04,W01
fbevak9@google.com,임하혜,ll20228,M,52,010-4503-4128,39,S02,W02
nznvah7071@google.com,정도장,yu7095,F,43,010-3657-9114,34,S04,W02
nrvmoa6@google.com,강서진,rj8007947731,M,32,010-8155-3309,35,S01,W02
hdhvzi7@google.com,장도연,bx454007,M,72,010-5948-9160,38,S03,W03
nspxk0511@google.com,임서혁,1577,F,77,010-6421-0538,33,S03,W03
srcrqljz952@google.com,강지진,s4299294,F,24,010-5481-9650,26,S01,W03
syjnodo9@google.com,조서연,vi32586200,F,18,010-3406-6233,38,S01,W02
gtmu@google.com,임초지,r33754040,M,30,010-9069-6526,29,S01,W01
xqjwq@google.com,조지장,s4470366905,F,11,010-0769-5216,24,S03,W02
kypsnqx@google.com,장윤혁,pb39595,F,79,010-8722-8205,36,S03,W03
wdijwcr1@google.com,장민임,kj663770318,M,71,010-8288-6185,24,S01,W03
rjmhwrlp@google.com,김하연,27417214,F,14,010-3584-4641,23,S04,W02
wrpg97@google.com,최초순,x645440376,F,52,010-7759-3542,33,S03,W02
euip661@google.com,장예순,ml257892106,F,13,010-6592-9256,38,S03,W03
xsul@google.com,장서수,31982621,M,52,010-1696-0539,29,S03,W01
xtif@google.com,김예순,70733,F,49,010-0437-2311,35,S02,W04
alypgec17@google.com,김초장,5171,F,24,010-3985-1767,32,S02,W02
ipabpxwc5993@google.com,강현진,pv1438,F,44,010-5420-1383,36,S04,W01
bizqgce5523@google.com,최서웅,b68487,F,16,010-4952-8092,21,S01,W04
yssu4@google.com,강도연,61335,F,35,010-5160-7366,35,S03,W04
spkqggrv570@google.com,장민혁,c63182,M,43,010-7086-7543,29,S04,W01
hpcr947@google.com,정서혜,i348843,M,79,010-8249-6743,29,S02,W04
ggcdgjpm1651@google.com,이서진,996684444,F,39,010-2436-8168,39,S02,W01
pgfzujre4@google.com,박예혁,b0446420226,F,76,010-3338-6089,39,S02,W01
ccry79@google.com,박지혜,a6041243,F,64,010-1564-2657,22,S01,W02
vagahz4752@google.com,장서순,6401,M,58,010-8532-5134,32,S01,W01
tgtnm7@google.com,임예혁,796139391,F,25,010-2192-2560,34,S04,W02
stbni110@google.com,이예연,6660493185,M,68,010-5229-6018,22,S02,W01
gsdqgdgd21@google.com,임도웅,sx7702,F,73,010-3102-9776,25,S01,W02
ekekhcpr0@google.com,장윤혁,w4064,F,48,010-4229-3890,34,S02,W02
wfqbffb419@google.com,김하장,be7716,M,80,010-6522-6267,34,S02,W03
xphoqjhd@google.com,윤초연,m123004,F,43,010-5160-2874,36,S01,W03
spkqggrv570@google.com,박윤임,90133754,M,30,010-1859-4530,35,S03,W04
lmzvn674@google.com,정윤연,7112430,F,62,010-0970-7101,24,S03,W03
aavmezf@google.com,정도연,109531,F,70,010-7192-3931,11,S01,W04
ibgbf3@google.com,임현연,fe6659,M,69,010-2749-9602,22,S04,W02
jxhfok622@google.com,강하장,rv549199,F,44,010-6830-0254,25,S01,W02
pwcxm624@google.com,박서순,s0606925682,F,68,010-6190-8683,35,S04,W02
gndqjyl76@google.com,김하임,s41228352,F,18,010-5517-3895,32,S02,W03
hdvcn933@google.com,이윤웅,rh9148595093,F,59,010-7629-2314,32,S04,W01
sypwhzr2@google.com,정예임,3591088,M,77,010-8771-2146,37,S03,W03
oskme15@google.com,박초임,wd9202374459,F,46,010-1424-1369,25,S01,W02
ibcouzfr8@google.com,최윤연,z69844097,F,31,010-8326-9909,31,S02,W01
nznvah7071@google.com,장하임,pl52746558,F,11,010-1727-6495,11,S02,W04
yyqda5@google.com,임예순,i55505005,M,40,010-8145-3396,34,S02,W03
zuyrcid3@google.com,조초혁,e8145,F,53,010-6390-9256,24,S03,W04
qinfmrr@google.com,장민웅,r76657310,F,10,010-5240-7563,38,S01,W02
lusyvsvq@google.com,최서지,526753,M,74,010-5627-3710,31,S01,W02
qoutrl@google.com,정서수,018012129,F,74,010-8633-9968,21,S01,W02
oskme15@google.com,임지순,w9787587941,F,69,010-7687-8091,24,S04,W01
abzn@google.com,최지연,z9139606,M,41,010-9090-8288,25,S04,W03
hhmnlfki414@google.com,장윤지,re781819,F,77,010-4291-3795,32,S03,W03
rogk35@google.com,이초혜,x140374285,F,72,010-8906-7543,26,S03,W03
ympnce7058@google.com,윤지연,45587876,M,53,010-1020-5395,25,S02,W01
xtzhqfrd971@google.com,장하장,o9408190,F,36,010-8514-8509,33,S02,W04
ralpiytn1283@google.com,이예연,u94035,M,15,010-5327-8892,25,S01,W04
ddiwkcqs6917@google.com,정하진,56956,F,71,010-6080-3734,21,S02,W01
kkmbrvwd0@google.com,정초임,p393378,M,43,010-6222-8139,38,S04,W02
bkno24@google.com,윤현혜,169530121,M,36,010-1734-2918,11,S01,W01
lnqywubn1861@google.com,임초웅,4714,F,56,010-5739-3087,33,S04,W02
zbuciev22@google.com,정민혜,dz24103,M,19,010-7223-8562,38,S04,W02
bibjdsi34@google.com,최도혜,bh9690765,M,27,010-2800-5990,38,S03,W02
pgfzujre4@google.com,조서웅,n6216,M,16,010-5943-4648,22,S01,W03
vvbyfhq20@google.com,이서수,l735990513,F,45,010-7975-5184,35,S04,W03
txvasuha4765@google.com,김지임,vw297204,F,65,010-6100-3722,36,S04,W01
yssu4@google.com,장하혁,97079,M,35,010-1036-3288,29,S02,W01
poogb424@google.com,장초혜,v913546,F,23,010-9053-1199,24,S01,W04
vazwnh7@google.com,장서웅,3012882,F,73,010-0909-1013,33,S01,W03
gkyhxtkz5@google.com,윤하연,nc5157962,M,76,010-9604-0888,34,S01,W04
zaqiz8@google.com,강도수,n09326,F,27,010-6032-3790,31,S04,W03
ndhnuys9727@google.com,장초순,t2292130,M,61,010-5967-3375,11,S03,W01
wnqmfzz637@google.com,이예순,o551411497,F,37,010-9771-1410,23,S03,W04
vmihca6@google.com,최현장,u4735806,M,14,010-9115-3793,38,S01,W02
euzvcfvi2@google.com,박초혁,z35544250,F,48,010-5184-4420,21,S03,W01
dtrei@google.com,이민장,x45358,M,51,010-3755-2316,39,S03,W03
vgpl5@google.com,윤서수,e309867,F,28,010-3222-2653,25,S03,W03
vynrv5163@google.com,박윤지,v4584,M,51,010-5175-1415,26,S03,W04
ptzl6024@google.com,이하연,py5740225,F,32,010-1580-4517,11,S02,W03
vqclt844@google.com,장서혁,bl729688294,M,56,010-0548-4764,38,S02,W04
epyfz229@google.com,윤하순,uc57024943,F,11,010-0183-0047,11,S04,W03
wljlhist193@google.com,이하웅,x0512679920,M,10,010-4405-0428,22,S04,W04
xumx5@google.com,이예임,fc814300,M,42,010-2853-2499,11,S02,W01
jjof0@google.com,윤도연,fq1213461267,M,63,010-9823-9659,32,S01,W03
siegth@google.com,장서순,nn34733431,M,28,010-4305-8468,21,S02,W02
doylwg@google.com,임서진,nh0991070709,M,51,010-0515-3230,33,S04,W01
rzuo4741@google.com,장예수,ym55926,F,17,010-3948-2482,26,S04,W03
szhid162@google.com,장초임,wy22638232,M,78,010-0210-5337,37,S03,W04
dsqy455@google.com,정윤혜,i5397967184,F,58,010-3548-8339,23,S01,W03
ldftnd@google.com,조도지,0911,F,45,010-4834-2497,21,S01,W03
eklox8025@google.com,장예임,i8180134949,F,56,010-8029-3551,22,S03,W01
qmbpre569@google.com,이현지,2363066,F,17,010-7609-9272,31,S02,W01
dmvgi732@google.com,임도임,n266424,M,68,010-9019-2492,37,S02,W01
trcemms8@google.com,윤도임,u94589,F,10,010-5761-9093,37,S04,W01
ppuj718@google.com,장하순,s94168,M,35,010-2009-8842,35,S04,W04
homlc2911@google.com,최도연,ya5920,F,59,010-7334-4209,26,S01,W03
spkqggrv570@google.com,조윤혁,109432622,M,15,010-3851-6397,21,S02,W03
hhvxf7952@google.com,임서연,m6268576,M,52,010-5140-9206,34,S02,W03
yssu4@google.com,박지순,dq12994,F,46,010-6566-1611,26,S02,W01
fcbwv39@google.com,김초수,bm7663,F,70,010-9133-5707,32,S04,W03
maamxmls90@google.com,정초연,h763508,F,11,010-1142-6709,38,S01,W01
fnjffzd734@google.com,이하지,kz45969918,M,36,010-8373-8928,33,S02,W03
ttfbyc7682@google.com,윤민진,i001056695,F,37,010-2766-2134,25,S02,W02
pcdemiq3958@google.com,이서지,vh188513,F,55,010-5380-0223,38,S01,W02
bmoyribf4597@google.com,김하웅,46739105,F,16,010-7879-5101,32,S04,W02
aaupqr3@google.com,정초지,xw8815936403,M,11,010-2945-2605,37,S02,W03
nomgnim8@google.com,장예진,oc8830521,M,44,010-8176-7237,38,S02,W04
scnfhpe01@google.com,정현혁,3139855,M,65,010-4327-8710,22,S01,W01
mundmi96@google.com,김도임,uq95098,F,27,010-3265-0443,38,S03,W03
czch5572@google.com,정윤수,146441,F,45,010-8344-7477,23,S01,W02
uemhmalx4@google.com,조윤진,d615005,F,11,010-0001-0230,25,S01,W04
luio@google.com,최지연,x772392279,F,46,010-6822-0683,37,S03,W04
jkfyorsk9@google.com,조초지,va27372105,F,65,010-8653-1491,22,S01,W02
iknsgp@google.com,최예혜,dq738701,M,68,010-6329-4313,29,S04,W04
wehhvp1974@google.com,이서지,60068690,M,68,010-5508-2409,37,S01,W04
hroefw7119@google.com,박윤연,pu2162720050,M,44,010-0341-2310,26,S04,W04
axnwcejc763@google.com,김윤진,k897083,F,37,010-6373-1750,26,S01,W03
clefpj@google.com,윤현임,if2883,F,23,010-4759-6876,32,S03,W02
nctn@google.com,조지지,n31960,F,58,010-6858-4374,31,S03,W04
wspdmic0100@google.com,최민진,bv4411,M,53,010-6813-5651,31,S02,W04
wyeajdd036@google.com,장민혁,ik28218482,F,35,010-4963-8244,31,S03,W04
yxlxmmco@google.com,조예혜,q5032,F,44,010-8142-4453,24,S01,W03
xbdqnxmv6332@google.com,임현연,3751,F,18,010-4120-5844,11,S03,W01
zqyypv9@google.com,정현혜,qr75096916,F,22,010-4088-9083,34,S04,W04
glmh@google.com,최현연,lu51339445,M,63,010-7978-1213,33,S04,W01
vbdjzn@google.com,강현임,48600871,M,33,010-3508-5782,39,S04,W03
qinfmrr@google.com,임민수,q7792830235,M,24,010-8261-4067,38,S02,W01
kyjrfabb@google.com,박초혜,sa4727144379,M,80,010-7982-7472,31,S01,W03
vwhih2179@google.com,이초진,9625,M,30,010-5380-4996,35,S03,W04
pyqsznt113@google.com,박초혜,q40423,M,61,010-7455-0741,34,S04,W02
cpfjvyai2175@google.com,임예진,b6295,M,40,010-7433-0193,39,S03,W01
mlcmft1233@google.com,윤도임,s391844,F,27,010-8210-6894,29,S02,W03
pvts577@google.com,박서임,a886299,F,25,010-9796-4846,22,S04,W04
douf5@google.com,최초연,hp647165,M,61,010-4064-8009,37,S01,W02
yddulvuv@google.com,박민혜,yk856082546,M,48,010-3373-9784,36,S04,W02
jmvyca3@google.com,정윤임,rq2081294,F,63,010-8040-3896,21,S03,W02
ympnce7058@google.com,윤현임,196986,F,32,010-0663-3173,36,S04,W02
cmzjfh04@google.com,최도순,n5212560847,F,47,010-8323-7690,11,S02,W04
wsrju0346@google.com,윤도임,318375616,M,12,010-6737-7462,37,S02,W01
dsqy455@google.com,윤예순,yz5330,F,14,010-5531-0782,26,S04,W03
vvbyfhq20@google.com,조지혜,u4093534798,M,70,010-0994-4127,34,S04,W02
fzcllwr5844@google.com,이하지,b3706280,M,67,010-4467-2027,35,S04,W01
fokkf@google.com,최윤웅,711248,M,34,010-0855-5445,38,S04,W04
iusq8764@google.com,조윤웅,hw657199,F,56,010-9480-3697,39,S02,W01
cpfn35@google.com,윤예연,ls9871197664,F,32,010-2132-0244,32,S02,W03
alypgec17@google.com,강하혜,tl0176781,M,79,010-9751-8670,26,S04,W03
bthhzo117@google.com,박현혁,qg3035118585,F,21,010-7518-6856,33,S01,W01
ilsourzv4397@google.com,박현웅,32942,M,10,010-5851-9037,32,S02,W03
tffp@google.com,장현혁,0771029744,F,36,010-2450-1818,23,S02,W01
kcymql020@google.com,강도순,h62239551,M,44,010-9334-8701,22,S04,W03
vynrv5163@google.com,박윤순,w95418,M,49,010-1666-4240,11,S02,W03
tdoj55@google.com,강민연,6863678992,F,39,010-0844-2528,11,S02,W02
kzqsduox7@google.com,최도지,f26496414,F,15,010-2375-9248,23,S02,W01
lyzfe19@google.com,장서혁,sp230338,M,56,010-6193-8860,21,S01,W03
mdbni8@google.com,최서혁,2046951720,M,24,010-7811-1730,31,S02,W02
yyqda5@google.com,윤하지,407518,M,76,010-9981-6154,36,S03,W01
hcbbwcw61@google.com,윤현지,1711,F,76,010-7830-4231,21,S02,W03
sxmtygq1@google.com,김초연,g9640,M,34,010-5179-4688,21,S03,W03
cmzjfh04@google.com,박초장,5806629,M,77,010-9103-2995,32,S01,W03
ferbc355@google.com,윤민순,m450950,F,22,010-2542-3300,35,S01,W02
lsxgc@google.com,정서진,ro564766380,F,29,010-7659-0498,24,S02,W02
mtvhgesp20@google.com,조윤연,uy22896,M,20,010-6639-9339,31,S03,W02
bssrwu4952@google.com,장윤웅,58822,M,10,010-8882-7232,32,S02,W03
douyivs624@google.com,최지혁,df939396,F,77,010-2055-8454,24,S01,W02
fcbwv39@google.com,윤현장,034188,F,12,010-8865-8318,26,S02,W02
ppfxpti396@google.com,윤현지,v5094156,F,73,010-5839-5074,33,S03,W02
ejxf@google.com,이예순,zp58215527,M,23,010-4446-0156,37,S02,W04
xyatyvq406@google.com,김예수,jd754755,M,27,010-5975-2281,21,S04,W04
xzqmzrmi5@google.com,박윤장,s325311498,F,28,010-3079-4681,11,S02,W04
fmru5027@google.com,이도진,u101953813,F,32,010-3459-9957,22,S04,W01
gilwn900@google.com,장민진,xu42549017,F,20,010-2295-3747,24,S04,W01
xraafu581@google.com,김현진,7706,F,62,010-7626-4395,33,S01,W02
xverivv671@google.com,윤하지,z41648116,F,44,010-3940-4892,29,S02,W03
hhvxf7952@google.com,이지진,fs8464444,M,51,010-5169-4498,26,S01,W04
dwbkb0@google.com,윤현웅,f736732,M,34,010-9559-3268,29,S02,W03
ttfbyc7682@google.com,조예장,pz6390649507,M,51,010-7400-8970,37,S02,W04
ogytu3@google.com,최하수,j712979737,F,44,010-7072-5190,26,S02,W03
mvnmzklk1048@google.com,김윤진,8913153100,M,66,010-5330-2045,22,S04,W02
vxwsrs@google.com,조지순,23710250,F,68,010-7595-5073,23,S04,W02
maamxmls90@google.com,최지혜,i91372,F,34,010-9084-1257,37,S03,W03
doylwg@google.com,이민진,s283347,F,79,010-9382-4148,22,S01,W04
ljgx4@google.com,최도혜,5210843180,F,77,010-9128-4598,31,S04,W03
zpuu@google.com,이하웅,ec6608,M,28,010-5886-8629,22,S02,W03
jevwmgvv94@google.com,정하장,n858047,F,18,010-6252-2166,36,S03,W03
dmyxzwyo83@google.com,임윤지,ls0168,M,57,010-3595-8401,24,S02,W01
wufqpma67@google.com,조초혁,5743,F,37,010-2340-8351,39,S03,W04
nlwp941@google.com,윤초수,y239576,F,22,010-9763-2729,31,S04,W04
evevj3858@google.com,박도혜,j6658910479,M,19,010-9437-2710,26,S02,W01
copo8022@google.com,장서진,jo48324,F,32,010-7785-8148,29,S02,W02
pzfubel96@google.com,정예혁,07367,M,64,010-7050-6357,39,S03,W01
fwbbrblo@google.com,윤도장,090721315,F,56,010-6381-6705,34,S04,W03
hsvxbc21@google.com,최윤수,sc50626195,F,33,010-4545-4178,35,S03,W04
nhtzmsw49@google.com,조도연,p615483463,M,67,010-0643-7036,24,S02,W02
ejjdnyac@google.com,최예혜,rz74465,M,78,010-0491-7193,31,S02,W01
ykoeiljc6904@google.com,윤하임,nh7603079580,M,35,010-4807-5731,29,S04,W02
aipxu5629@google.com,정서진,x7481919028,F,58,010-2967-1425,21,S04,W01
dywzwun@google.com,최초임,10011,M,66,010-9567-8357,32,S03,W01
wapipri@google.com,조도혁,ox10642,M,24,010-1810-5038,35,S03,W03
dwhpqelt746@google.com,최윤지,z21053706,M,28,010-4477-1405,29,S04,W04
okxcunb55@google.com,박윤장,ko968194916,M,65,010-0106-5923,37,S03,W01
kejl842@google.com,임하장,174647061,M,12,010-5457-6028,35,S01,W04
nxwr73@google.com,장민혁,kb5748,F,24,010-7366-4028,36,S03,W01
yssu4@google.com,강초지,ij69877236,M,12,010-3484-0939,29,S03,W03
xaejxk@google.com,장현혁,wz7120,M,65,010-3658-9813,38,S04,W03
oiucad900@google.com,강도연,7732073309,M,19,010-2542-0203,38,S04,W02
ccry79@google.com,박하수,n3213,M,28,010-3906-2996,33,S02,W04
ipabpxwc5993@google.com,윤지임,h02434,F,43,010-0087-9118,22,S03,W03
ygzyvyy8@google.com,정서지,w970516134,F,61,010-9998-2162,34,S02,W02
jrhiwx@google.com,임지혁,np552729,M,19,010-9651-2094,22,S03,W01
etltmmuy69@google.com,임서지,fb4158862374,M,25,010-5945-2023,37,S02,W02
nvkyiht44@google.com,김서진,f4459941275,M,31,010-5056-2713,25,S02,W02
sontms4@google.com,조서수,01614,F,72,010-4839-6499,38,S01,W02
iogbazf213@google.com,이민순,ih1553952609,F,23,010-5453-3578,25,S02,W02
grqdk@google.com,강지혜,986304850,F,38,010-8282-1281,39,S04,W03
ekdpb@google.com,김초수,1912561,M,28,010-2148-6631,33,S04,W04
zpaeuqcr24@google.com,정예순,47859090,F,78,010-1921-9329,39,S01,W02
dnttgz51@google.com,강현임,e15844,M,80,010-1233-1176,32,S03,W04
hsvxbc21@google.com,조초순,86850,F,47,010-2344-0541,32,S03,W02
ylicfev08@google.com,정도진,i020434,F,71,010-7601-6627,26,S01,W03
ydltyqm7@google.com,최도지,h12872482,F,17,010-9341-6072,37,S03,W01
nadm90@google.com,정도진,s798429,F,73,010-9800-4196,36,S02,W02
ykrba27@google.com,이예임,kc936113493,F,61,010-7675-9986,36,S02,W03
raytzj5@google.com,강초혜,3326555332,M,76,010-5913-8846,22,S03,W04
tllvpi9959@google.com,박도순,w229692,M,30,010-2368-3378,35,S04,W03
fxsakg@google.com,조민장,cg058577030,F,44,010-8889-7265,26,S01,W02
dtrei@google.com,윤초지,n993374,F,79,010-8538-9718,32,S04,W03
cbxv24@google.com,조하진,x3581102,M,35,010-9719-8578,39,S04,W03
hrjghvbv240@google.com,임지혁,jq5559715176,M,42,010-0777-1008,26,S02,W02
zaqiz8@google.com,박초혁,3421,M,48,010-3639-1191,35,S04,W04
zuyrcid3@google.com,박윤장,s77866,F,46,010-2595-7723,29,S01,W04
hpuk43@google.com,이도장,o0152,M,29,010-3964-4119,25,S03,W04
zhdlqtl8906@google.com,강도지,z031155,M,21,010-2875-2437,24,S02,W04
yieynq174@google.com,강민순,rl5932372528,M,77,010-0543-4302,34,S02,W04
szoa696@google.com,장예연,v901932,M,26,010-7570-7925,39,S01,W01
xqhi@google.com,조지순,kg92008436,F,29,010-5558-4257,33,S02,W03
hdcharp9@google.com,정도웅,bm5980457,M,62,010-5606-8345,33,S04,W02
yieynq174@google.com,장예혁,la075013,F,74,010-3200-4003,29,S04,W04
erphmg7@google.com,임현임,3856945130,M,70,010-9445-4346,39,S04,W04
qmbpre569@google.com,윤초혁,x666993,F,28,010-4119-8023,32,S02,W03
mjsnmf0@google.com,김예웅,1948429,F,76,010-5146-5402,11,S04,W03
udwke4@google.com,강지진,og4048378115,M,19,010-1549-8341,21,S03,W04
rayyqs3@google.com,윤예혜,ab5880461363,F,44,010-7233-2936,23,S03,W02
srcrqljz952@google.com,이초수,5851822271,M,46,010-6614-3846,25,S01,W02
ykvhsbf46@google.com,조윤수,8359771,F,71,010-8511-3858,25,S04,W03
curxxhin4@google.com,정서웅,2233850,F,25,010-8876-9497,29,S02,W02
tfuiolp8880@google.com,박도진,b65311,M,22,010-9538-2472,37,S02,W03
jnexfj8@google.com,김지지,f914751420,M,52,010-2415-4995,25,S04,W01
ntkihpzx660@google.com,강윤장,f9807,F,21,010-0733-9311,26,S02,W03
fxarer3094@google.com,임하혜,c440368,F,46,010-5756-9063,34,S01,W04
vvsienxz830@google.com,이지순,fm8380598834,M,39,010-3087-1512,26,S01,W04
zpagqu@google.com,조예혜,448813,F,70,010-8145-4254,21,S04,W04
vvbyfhq20@google.com,김하장,kq3715540126,M,73,010-3184-1603,24,S02,W02
sontms4@google.com,최윤혜,pd5732827994,M,23,010-9924-3069,26,S02,W02
hlsoppiy21@google.com,조윤장,h55069624,F,49,010-6185-9447,37,S04,W01
gljnil82@google.com,이예지,v8050,M,73,010-1148-7519,23,S01,W02
qwgrmvtu21@google.com,장윤웅,842660852,F,65,010-0144-2498,34,S04,W04
rszwyl664@google.com,임도혁,ru089269084,F,13,010-6084-1013,32,S01,W01
jlnyi24@google.com,최예순,df4601,M,71,010-9391-1444,36,S04,W02
pehpybrm27@google.com,김도혁,fv23570794,M,67,010-3113-0789,24,S01,W02
alci167@google.com,강예장,fb9513372,F,27,010-0514-3408,23,S03,W02
hwxw817@google.com,김민임,z04971,F,18,010-1001-7811,25,S02,W04
ordejn412@google.com,최현연,694285288,M,27,010-1819-0393,38,S01,W02
evyra4047@google.com,박예임,fw985835752,M,48,010-8100-8171,33,S01,W04
cvbxd@google.com,윤민수,2725731,F,13,010-4786-7873,31,S03,W04
kkmbrvwd0@google.com,김서진,iv586327993,F,63,010-6962-7596,25,S02,W03
wufqpma67@google.com,최윤연,bn946186791,F,77,010-2546-8492,38,S01,W01
ulczxs9095@google.com,정도혁,r29598,F,13,010-2541-7131,31,S02,W04
kkmbrvwd0@google.com,강초순,548766299,M,40,010-2394-4995,25,S02,W01
qjgbo404@google.com,이민혁,m333345028,M,57,010-8101-4417,24,S04,W02
bebm7@google.com,최지혜,b5201944,F,49,010-5064-9157,25,S01,W01
zbuciev22@google.com,김서연,c6205896050,M,44,010-0573-5612,33,S01,W01
joao49@google.com,정예지,d4338,M,45,010-3793-9593,31,S02,W02
joao49@google.com,김도장,cp656191968,M,51,010-0666-8323,38,S02,W03
mgtx0@google.com,정하진,1616948,F,59,010-7549-1809,31,S02,W03
cxckhbeb22@google.com,정초지,o4989,F,62,010-0180-1739,29,S03,W04
taqhkg3@google.com,조초혁,82145233,F,36,010-0156-8530,26,S03,W02
xygbky5@google.com,박예혁,nw2850885704,F,76,010-7709-5383,34,S02,W02
ympnce7058@google.com,임윤혁,j2368078,M,31,010-2182-2465,29,S04,W03
gtvuibh487@google.com,김민진,rf581287,F,32,010-1147-2202,39,S02,W01
jpjoqo071@google.com,최하장,ih964847259,M,56,010-5223-1325,35,S03,W04
ulczxs9095@google.com,최서수,t686152821,F,21,010-5622-1449,38,S03,W01
ezmld103@google.com,김예진,4535,F,20,010-2832-2502,35,S02,W03
ibcouzfr8@google.com,최서연,55607,M,62,010-5277-6062,25,S01,W02
rjpcpvj8138@google.com,임현웅,26223048,M,73,010-9516-2907,33,S01,W03
rhflyax17@google.com,임예수,a7258005,F,36,010-7438-5546,21,S04,W01
efwhnt0031@google.com,이현장,qm9050382109,M,80,010-7653-6843,36,S02,W03
xlhbqbj@google.com,윤민순,im3085,F,19,010-1438-9646,31,S01,W03
iaqunh@google.com,이윤혜,12065,M,76,010-3264-9121,39,S04,W03
climdkoo871@google.com,조하웅,w02451091,M,26,010-9215-8026,39,S03,W04
fbhdgdz885@google.com,박하혁,ci808993721,M,36,010-6313-1729,31,S02,W04
bharx453@google.com,정민순,413207,F,64,010-8386-1052,23,S01,W02
hdcharp9@google.com,김하수,6693,F,45,010-8274-5813,37,S01,W01
fbhdgdz885@google.com,임도임,nt49203,M,26,010-0641-9198,37,S03,W02
tnaxugc4@google.com,정서진,vg5296,M,66,010-0352-7262,29,S03,W01
tfuiolp8880@google.com,윤현연,500892508,M,51,010-5804-9881,39,S01,W03
skkxj058@google.com,조윤장,0313551301,F,28,010-3090-3930,35,S04,W02
curxxhin4@google.com,김하순,t64624864,M,16,010-0160-4824,26,S01,W04
jogij53@google.com,강윤지,m2144483,F,34,010-3322-1961,24,S01,W03
ibrfusg14@google.com,김예순,17912983,M,63,010-5448-6240,32,S02,W03
fbevak9@google.com,이윤수,yd32945295,M,51,010-5210-8037,11,S01,W02
efykqwni559@google.com,장현혁,ut850591,F,66,010-0223-7021,34,S03,W02
ykoeiljc6904@google.com,윤도혜,nd0807484017,F,19,010-2336-9910,21,S01,W01
erphmg7@google.com,박민지,p947563,M,60,010-1044-1310,39,S03,W01
ykrba27@google.com,임현혁,ph3226307572,M,56,010-1726-3682,21,S02,W01
aooq5661@google.com,조도장,f3055943607,M,49,010-2693-9581,39,S03,W02
sflup3@google.com,최윤순,nx456177,M,15,010-9307-2490,38,S01,W01
xubrjtc06@google.com,조지수,s558220,M,11,010-5836-3586,33,S02,W02
agtpbjk7108@google.com,강하순,471854574,M,39,010-3742-9077,26,S03,W03
homlc2911@google.com,장서임,y09731727,F,74,010-7302-6424,23,S01,W02
imjvk3627@google.com,박지순,271806670,M,49,010-9308-6724,11,S04,W04
fxujf670@google.com,임민순,6259,F,66,010-8905-1302,26,S04,W02
fndeh9@google.com,김초웅,b542944,F,65,010-8508-5322,23,S02,W02
kexpm@google.com,최민진,e5632823428,M,56,010-6198-0266,21,S03,W01
fuabibhp@google.com,박서장,z93118240,M,53,010-6147-5095,38,S04,W04
gwcmvr712@google.com,장민혜,jp4274284620,F,31,010-0694-9179,26,S04,W01
ecbzom61@google.com,조서임,kl0851,F,14,010-3255-7653,34,S01,W04
pzfubel96@google.com,조윤웅,9045372,F,27,010-4878-9742,29,S02,W03
uwczide@google.com,이현지,a6146999,M,15,010-4045-6583,33,S04,W03
glgpmyvo708@google.com,윤윤연,a3591235,F,76,010-2122-8002,29,S02,W02
skkxj058@google.com,정도지,377794,F,42,010-2123-4321,38,S02,W01
wucjh6735@google.com,박하장,8810436562,M,38,010-8286-2740,35,S02,W03
sflup3@google.com,임초혁,255168,F,53,010-7434-3686,22,S01,W01
junhk@google.com,최예웅,8060,M,18,010-3977-3476,21,S04,W02
ferbc355@google.com,조서수,w0109868,M,22,010-9153-2553,38,S02,W02
sfiwnr086@google.com,임서장,p2691128,M,66,010-5890-8852,24,S02,W04
vcdv0124@google.com,박민연,nq326352,F,14,010-6248-4899,34,S04,W02
hunxzc1890@google.com,박지장,w9179,F,21,010-1550-7493,38,S03,W04
wwqon2642@google.com,이현임,h679788,F,61,010-2097-6281,38,S04,W02
ngnn6@google.com,김윤진,dk3272,F,25,010-7328-4784,29,S03,W03
hqtezspc@google.com,박하연,ca81097,M,15,010-6735-6626,38,S04,W02
ebpj@google.com,정윤순,tq9417,M,59,010-0540-6397,39,S01,W03
hdhvzi7@google.com,임서혁,za0862,M,28,010-1695-5807,39,S02,W01
uvfvwtp@google.com,최지수,d653630,M,30,010-1521-8131,31,S01,W01
cgef42@google.com,윤지임,170342,M,79,010-6582-1454,21,S03,W03
ynkhlsz5@google.com,임민장,036247258,F,56,010-3867-4572,35,S02,W01
qwumpps11@google.com,박현지,8018833629,M,56,010-1684-8892,32,S02,W04
ismkdzfm103@google.com,박하장,03871,F,38,010-8148-5474,26,S01,W04
gpscpn3669@google.com,이하지,h337652725,M,61,010-7341-2887,24,S01,W03
kxrpmu@google.com,박현진,105233,M,43,010-8101-3689,36,S02,W03
ebpj@google.com,조하웅,or9103,F,10,010-4973-4578,22,S01,W03
wnoxyme65@google.com,정민수,4680,F,26,010-7781-9867,38,S03,W02
idavvilw5895@google.com,이서장,b990795,M,40,010-6093-2400,35,S03,W02
dqtdo1@google.com,최민혁,eg871068580,M,16,010-3254-5557,36,S04,W03
srbvt@google.com,강예장,w228930,M,42,010-9411-5381,36,S02,W01
ecbzom61@google.com,정도장,a530061,F,60,010-4105-5817,32,S04,W01
npvjpmln5551@google.com,임초진,l309712036,F,33,010-3030-4693,21,S02,W02
ntkihpzx660@google.com,장서장,zm016364,F,24,010-1885-1978,31,S02,W03
uvtwn11@google.com,김민진,67760778,M,55,010-1537-4877,37,S01,W02
kdcngq6@google.com,강도혁,t0606,F,34,010-6873-3719,32,S02,W01
gltado998@google.com,장민장,lt8945073351,F,13,010-1038-0870,29,S03,W03
pyzc3@google.com,박초혜,y81168,M,55,010-2055-4731,36,S02,W03
hpdtmaaa52@google.com,이윤순,vb313782692,F,63,010-0356-5831,31,S01,W01
djlbx887@google.com,임하지,f01146358,M,34,010-4432-9762,23,S01,W02
pwfe4752@google.com,강초진,kd44487,M,42,010-8202-4160,32,S03,W04
tupup148@google.com,임민지,54328,F,78,010-0138-3156,21,S03,W02
wrpg97@google.com,박예연,ju6512576634,M,21,010-6099-0502,21,S04,W01
zathqg9@google.com,장윤지,096824479,M,78,010-1046-4235,39,S02,W04
gcwwqslz3878@google.com,최서혜,l10419140,M,47,010-6002-6589,33,S01,W04
uqsnrdc2403@google.com,강윤순,z302185,M,30,010-3755-3857,29,S03,W04
ibcouzfr8@google.com,장서연,b10942563,F,36,010-9894-8694,23,S03,W04
hitnkly3860@google.com,장도혁,s8010767,F,69,010-4375-9249,23,S01,W03
ekbjim662@google.com,최서웅,xi618943,F,35,010-1423-3942,26,S02,W01
xqjwq@google.com,장현장,y349806,F,21,010-5435-5380,36,S03,W03
hcnxu7565@google.com,김하진,150577634,F,31,010-5177-0579,21,S01,W03
gsdqgdgd21@google.com,장현웅,63039,M,60,010-7462-4829,38,S02,W04
aoajq8@google.com,최서순,cg78200822,M,51,010-7533-3239,25,S04,W01
sugp4@google.com,조초지,556952717,F,55,010-6305-4193,39,S03,W04
gsdqgdgd21@google.com,윤도수,277381,M,13,010-9605-3674,38,S01,W01
eowhx793@google.com,최초혜,ru6139418247,F,76,010-2113-1736,36,S04,W03
sfiwnr086@google.com,임도지,gp9099845984,F,49,010-2064-2676,26,S01,W03
osyaodf9@google.com,정지진,o0389,M,72,010-6868-1085,35,S04,W04
apqp@google.com,정현임,q55130,F,30,010-1504-3594,22,S03,W03
dqtdo1@google.com,윤지연,h96474450,M,68,010-0572-6195,37,S04,W03
ktkpdvya852@google.com,장서임,395081908,M,32,010-5501-7805,38,S01,W03
lcedddm436@google.com,조지혁,s82393963,M,31,010-6577-9816,36,S04,W04
jaxen62@google.com,김서장,s47225,M,44,010-4183-8180,37,S04,W03
jozxwv54@google.com,김지수,my1642978266,M,70,010-6681-2167,24,S01,W03
xvhvcf1347@google.com,최민수,2772127,F,38,010-2331-1204,23,S04,W04
wpjrzmul387@google.com,임지장,7017,F,53,010-8812-6518,23,S02,W03
ndhnuys9727@google.com,이현혜,9374,F,73,010-8721-5162,11,S03,W01
lpcdvucs@google.com,조윤임,z46166283,F,26,010-2163-5269,29,S03,W03
tnaxugc4@google.com,임하연,jh15075,M,28,010-3461-0398,22,S04,W02
frmlt@google.com,강예임,k42465,M,17,010-1243-8237,32,S01,W01
xipu@google.com,장서장,ru435794439,F,34,010-9591-6789,23,S02,W03
wehhvp1974@google.com,최예진,bm40778439,M,11,010-2444-9879,21,S04,W01
jhgypf@google.com,장현웅,x8812864012,M,15,010-1286-4875,36,S03,W04
jtyt2@google.com,박민혁,14456,M,53,010-8668-8892,11,S01,W03
pqysx501@google.com,박윤연,412656,F,18,010-1584-3840,31,S04,W03
fycutzj947@google.com,임지수,e614507,M,73,010-5455-9056,36,S04,W03
skxbgon77@google.com,정서순,yj113842,M,42,010-2614-3822,33,S01,W04
dwhpqelt746@google.com,최하혜,wv3260,M,56,010-0659-8189,24,S04,W03
tzvnjx6555@google.com,임도장,f462618118,F,27,010-9942-0134,38,S01,W04
traukhnn257@google.com,강지지,as343867678,F,68,010-5275-5851,35,S02,W01
hhmnlfki414@google.com,김현수,75838686,M,51,010-5268-0964,34,S02,W02
hhmnlfki414@google.com,조예진,y21004790,F,70,010-4872-3201,37,S02,W03
ttfbyc7682@google.com,조예웅,p27467607,M,32,010-3755-0316,33,S04,W02
nadm90@google.com,박초임,754742,F,77,010-9410-3604,21,S02,W02
woqsnh512@google.com,강서장,5250730,M,10,010-3298-2164,35,S03,W03
ykyd@google.com,윤도순,rq9042766,M,41,010-8090-4323,34,S03,W03
nvkdcdo6871@google.com,최도진,q48641,F,47,010-1776-5017,29,S02,W02
rtejargg@google.com,정민혁,qo154531265,F,41,010-5833-6918,38,S01,W03
nqklgoha1693@google.com,강지수,x51117860,M,24,010-7295-5028,38,S04,W01
aavmezf@google.com,정초수,xb8310287493,M,74,010-5466-3288,31,S01,W04
ordejn412@google.com,장윤수,8266,M,21,010-9458-2496,39,S01,W03
ccry79@google.com,김지지,rr0214650585,M,18,010-7095-0249,35,S02,W02
vxwsrs@google.com,박서지,623540,F,13,010-5301-6275,11,S04,W02
hhmnlfki414@google.com,조하순,0515239096,F,77,010-4610-0345,39,S03,W01
gvdir9249@google.com,정예웅,hm9919,M,30,010-3853-6115,25,S03,W02
qewgkog@google.com,임예웅,jj4843103,F,11,010-6442-2396,34,S03,W03
fxarer3094@google.com,박현혁,e7988,F,37,010-7943-3831,34,S02,W01
hmgo956@google.com,박하연,ko04525879,M,35,010-7563-7815,35,S01,W01
hhmnlfki414@google.com,임도장,bt2822024,M,45,010-3307-2461,38,S02,W04
sonmre5562@google.com,최도진,rv51186,M,26,010-7351-4252,23,S04,W01
gvdir9249@google.com,장서순,414226406,F,65,010-1289-8103,24,S01,W03
qbnt56@google.com,조예수,d9777631028,M,61,010-0644-0363,35,S02,W02
oynr@google.com,임초임,4174643732,F,12,010-0076-9575,22,S04,W03
pzfubel96@google.com,김서수,cp22585074,F,71,010-2048-3469,38,S04,W01
ezmld103@google.com,최민웅,au2416,F,13,010-8010-8484,32,S03,W04
apnz21@google.com,조윤임,ej664583,F,67,010-1721-5772,35,S01,W01
vdbw5500@google.com,김하지,bq0507640,M,63,010-0371-9387,29,S02,W02
dmprdzx29@google.com,장초순,rd560101260,M,46,010-3733-4808,37,S01,W01
ibrfusg14@google.com,박초혁,fd8440,M,48,010-7012-3871,29,S01,W03
pcax5@google.com,김하수,70630875,F,25,010-3571-7408,22,S04,W04
eppis7@google.com,조하임,nu8880132886,F,55,010-2321-4289,33,S02,W02
incdup@google.com,이서진,xv89092,F,17,010-2111-9553,32,S01,W01
bldpe@google.com,김서임,k27402,M,48,010-9282-0699,37,S01,W04
wapipri@google.com,정지수,82222,F,33,010-0389-5292,32,S03,W01
cdxvf50@google.com,김윤혁,k0558,F,60,010-3497-9920,22,S01,W02
zqyypv9@google.com,최하장,s85341,M,46,010-6465-1928,39,S03,W02
esizxfg9@google.com,최서임,t3575374,F,23,010-9258-2052,23,S04,W03
dupqlr1285@google.com,윤하순,2398843,F,23,010-4806-6469,36,S02,W02
xsgqs756@google.com,임하혁,r2998623,F,38,010-4100-5581,26,S04,W02
cmql15@google.com,윤서웅,vf084898785,F,65,010-2020-9279,37,S03,W02
sflnor698@google.com,이현진,nn66787076,M,56,010-9834-6015,36,S02,W02
rmfocvt7845@google.com,조하임,y003028,M,19,010-2117-4601,39,S04,W04
kvitbty748@google.com,윤윤진,xk5921452543,M,40,010-8785-9828,36,S03,W03
llzcqgb2@google.com,강지혜,hr372171,M,64,010-0233-5646,33,S03,W04
nqvxca7@google.com,최현혁,m163511,F,48,010-6426-7314,38,S03,W04
oapmgr9@google.com,윤예지,m62168984,M,20,010-3674-4600,38,S02,W03
sfiwnr086@google.com,강민연,c201928,M,38,010-1307-7137,29,S03,W03
qcqnz@google.com,박현연,1091626,F,77,010-2204-0061,36,S01,W01
gchp3@google.com,조윤진,m439725845,M,33,010-7154-3106,33,S02,W02
kdcngq6@google.com,정윤연,69463593,M,17,010-5224-1375,29,S03,W02
xceorxzb@google.com,장현혁,840547489,F,35,010-4922-1791,33,S02,W04
pvwb1@google.com,김현웅,r0065,F,31,010-3351-8766,23,S03,W03
nvkdcdo6871@google.com,윤하연,c20038,M,25,010-7890-2228,22,S01,W02
leka609@google.com,정윤혁,474800816,M,14,010-4404-6780,24,S03,W03
wzvr787@google.com,이지장,fx1934055531,F,57,010-8711-6856,31,S04,W02
ezmld103@google.com,김예연,m6988793,M,63,010-8603-1885,32,S03,W01
wdubhh7492@google.com,김윤지,6308243891,M,33,010-2856-1972,31,S02,W02
gpscpn3669@google.com,이윤순,t407649,F,16,010-0665-1557,31,S01,W02
fjjwdv3647@google.com,임도진,l12637,F,37,010-1176-3236,39,S04,W04
jgdw@google.com,윤예연,525677,F,27,010-8589-5186,26,S03,W04
rtofefy99@google.com,정민순,m4392122061,F,78,010-8022-8374,34,S03,W04
cahqjuad7@google.com,김지혁,k73116,M,65,010-3786-4032,38,S04,W02
qwumpps11@google.com,임현임,ly0406548,M,27,010-7785-4364,37,S03,W04
aosaywsm45@google.com,윤민웅,0537,F,76,010-4039-4139,23,S02,W04
xvhvcf1347@google.com,강도연,h71342243,M,21,010-0569-7999,37,S04,W02
wnsp8014@google.com,조도수,020717696,F,12,010-1353-2812,31,S02,W02
fyzsy5347@google.com,조윤장,d05766,F,17,010-2435-8791,36,S03,W02
gjmp767@google.com,박현장,z25789,F,35,010-9812-8255,21,S01,W02
ozbyci3388@google.com,정초장,676827546,F,47,010-8282-3798,11,S04,W01
pvts577@google.com,조하순,u99544539,M,25,010-1735-3562,32,S04,W03
bssrwu4952@google.com,윤초지,455380233,M,42,010-4617-5045,34,S01,W04
kkpvz@google.com,김예연,37089,F,10,010-3152-1550,22,S02,W04
dmprdzx29@google.com,이지혜,c231704,M,74,010-4808-6633,38,S01,W01
cuon55@google.com,임서임,ve879339449,M,50,010-2175-2232,38,S03,W04
atpo500@google.com,김민지,465732595,F,78,010-8581-1316,32,S02,W03
tffp@google.com,조민수,3550,M,19,010-3975-8245,23,S02,W03
pwcxm624@google.com,이지장,a941536,F,59,010-3976-0352,32,S02,W01
gtmu@google.com,윤윤수,n27015,M,33,010-2955-0960,11,S02,W02
aseg@google.com,이민혜,bc8819901287,M,77,010-0943-2586,24,S03,W01
cmql15@google.com,이현웅,ls4511389747,M,11,010-2647-1100,38,S01,W03
ympnce7058@google.com,강윤지,p60182,F,28,010-8618-9790,24,S04,W04
vbpf9591@google.com,임지임,p6750901,M,48,010-7250-6622,38,S03,W02
wommafwg@google.com,김민지,x5175,F,62,010-4924-8856,21,S03,W03
uemhmalx4@google.com,김초지,52082,M,10,010-5071-8729,33,S04,W02
oooz138@google.com,강현연,h29959,M,32,010-0025-4415,24,S03,W01
glgpmyvo708@google.com,조예혜,zu191393375,M,26,010-7367-5960,39,S04,W03
fsxzqg533@google.com,강초지,be82796059,M,38,010-5848-5984,29,S04,W02
vynrv5163@google.com,장서순,y54451337,M,15,010-2281-3101,21,S01,W02
jaxen62@google.com,김민웅,40257697,F,40,010-9569-6167,39,S01,W02
cfux@google.com,강도진,ev9358023348,M,13,010-9199-6104,22,S04,W04
mkmc4418@google.com,박도장,63352,M,21,010-5497-9266,29,S04,W04
bmzitct3@google.com,임민웅,383292412,F,23,010-9378-1562,34,S03,W04
gslns7@google.com,조하혜,um6780323,F,48,010-5946-9123,26,S02,W03
ynfazjs15@google.com,정하지,8999,M,10,010-4648-7644,36,S02,W04
lyzfe19@google.com,윤하순,z6687262,F,74,010-1882-4472,11,S01,W03
copo8022@google.com,임하연,h622873930,M,36,010-5080-7978,34,S01,W02
knhwx9421@google.com,최지연,k38360,F,32,010-4021-9488,34,S01,W03
cpfjvyai2175@google.com,박예임,5357430663,F,12,010-3789-6553,25,S01,W03
ljdg6521@google.com,강지혁,k025069668,M,31,010-1236-5206,37,S02,W02
sscedi6@google.com,임민장,z331404236,F,45,010-1890-4462,38,S01,W04
gsjclqay7@google.com,이초연,rd4545,F,27,010-9032-1419,24,S02,W04
junhk@google.com,김민지,226439,M,23,010-8895-3332,26,S01,W02
yobqyiek6@google.com,임지수,v426506209,F,80,010-5508-9916,37,S03,W04
rjpcpvj8138@google.com,윤지수,3921781,M,12,010-4512-4327,33,S01,W04
hlavr480@google.com,장서연,it72080,M,50,010-6444-8845,22,S04,W03
kdcngq6@google.com,김예연,x671296,F,48,010-0514-2139,26,S02,W02
ykoeiljc6904@google.com,윤서혜,941304834,F,10,010-7044-6920,39,S02,W03
cmql15@google.com,김하진,0745,F,59,010-9700-3154,29,S01,W03
afdtrd4583@google.com,장서임,31700,M,75,010-7132-2841,33,S01,W03
tvfmxqr1598@google.com,최서연,f52004,M,19,010-4140-3480,31,S02,W04
kwoar726@google.com,정지혁,zy7735876673,F,78,010-9171-2334,23,S01,W04
vmihca6@google.com,조예웅,xk2051093566,F,36,010-4835-1013,21,S03,W01
wrjil127@google.com,최지웅,nz132337,M,46,010-3740-6003,38,S03,W01
jevwmgvv94@google.com,임현연,b369541168,F,50,010-6134-7815,35,S04,W02
qmbpre569@google.com,강민혁,ub5138,F,73,010-4961-5418,24,S04,W04
wnmzmwm572@google.com,조도혜,o735559949,F,74,010-1458-7179,21,S03,W03
fbevak9@google.com,박민진,mb301661,F,58,010-0143-6066,23,S04,W04
dfynak7943@google.com,조초혁,ey64894,M,11,010-0072-3807,26,S02,W02
hpcr947@google.com,윤민장,g7196811,F,13,010-2246-7808,38,S01,W01
rwpblibj5@google.com,장서지,39726,M,34,010-3966-0201,35,S01,W02
elumlssx76@google.com,이하연,c82630116,M,28,010-5935-6210,11,S02,W01
suokx907@google.com,강하웅,288032058,M,10,010-7381-9895,24,S01,W01
npdqmz1@google.com,정지순,fp51392,F,40,010-4585-6886,22,S02,W04
msegkzg3609@google.com,박도수,ex5788065458,F,56,010-2060-6108,31,S04,W03
kyenspo8367@google.com,조현순,r4075,F,63,010-7271-3251,29,S04,W01
psgvlsue@google.com,장예수,v0632,M,12,010-2003-3627,33,S02,W02
ajzs3093@google.com,조하지,t6294996,F,27,010-0089-7087,32,S02,W01
npvjpmln5551@google.com,장예연,kf0109678,F,76,010-4620-1296,33,S04,W03
tqjmlq7498@google.com,박초혁,sa81329,M,41,010-7000-6177,36,S02,W04
sxmtygq1@google.com,박윤지,og644187,M,23,010-3192-4708,39,S01,W03
qaahqr6@google.com,이하진,el9615,M,14,010-3474-2796,38,S04,W01
hgkest@google.com,장현장,ot6090479,F,19,010-6816-2624,25,S01,W03
idavvilw5895@google.com,최하지,za10612348,F,53,010-7981-6657,23,S02,W01
jaornhla@google.com,정예장,y81562050,F,56,010-9360-1669,25,S02,W02
tnaxugc4@google.com,박도진,4307,F,37,010-6229-7826,39,S01,W02
vbdjzn@google.com,강윤진,s7314797692,M,67,010-3686-0507,36,S04,W02
msobxbgy2501@google.com,조민수,e71825607,M,71,010-7938-1253,35,S03,W04
pzfubel96@google.com,최민웅,0092867360,M,57,010-2813-5404,21,S04,W04
mcmb11@google.com,장도웅,tb26702759,M,39,010-4463-2113,11,S02,W01
sxmtygq1@google.com,김민순,3117114,F,33,010-0543-0860,39,S01,W02
dtyg382@google.com,박윤진,08331235,M,66,010-5692-0550,35,S01,W01
ykfravy6301@google.com,김도장,1145203,M,50,010-9471-8855,39,S03,W04
apfji9271@google.com,최하진,9291,M,40,010-0417-5731,23,S04,W01
axnwcejc763@google.com,김하지,o83003,M,25,010-0653-9020,24,S04,W03
dqmrikm6@google.com,이도장,07715138,M,29,010-1386-6252,29,S03,W04
gbwkgup99@google.com,김도수,6728129573,F,38,010-6718-0495,36,S03,W03
yfmrfel@google.com,조하연,np2265241,M,59,010-5477-5850,26,S03,W01
xymrpye5797@google.com,장초혜,px66186,F,47,010-9629-0639,37,S04,W03
oqvckvkh@google.com,정하장,m5356276,M,12,010-9719-7315,23,S01,W01
mundmi96@google.com,조윤혁,p7119335312,F,19,010-4861-5264,39,S02,W03
qwheg@google.com,최도수,m9515204847,M,43,010-9789-3475,21,S04,W04
kaizt@google.com,최지장,cc341207007,M,66,010-4897-3321,33,S02,W01
szhid162@google.com,임현순,869610,F,11,010-5142-2653,26,S02,W04
jkjjws7@google.com,이현순,qx1344,M,60,010-4989-3063,11,S01,W01
anaufav0210@google.com,윤현혜,s594596,M,20,010-5758-1159,25,S02,W02
gakgp@google.com,장민혜,x652019,F,79,010-6403-5473,26,S03,W03
skkxj058@google.com,최윤순,cu0121,M,25,010-1672-1197,11,S02,W04
ipabpxwc5993@google.com,강현지,271098563,F,74,010-8882-7379,31,S02,W04
gvdir9249@google.com,정서수,fs48684996,F,56,010-0622-2041,32,S03,W01
fbevak9@google.com,윤민웅,rb10630,F,52,010-6783-5092,29,S04,W04
cnnncgp3@google.com,강초지,1340143462,F,72,010-9013-1345,23,S01,W04
mlcmft1233@google.com,강예지,5186402216,M,65,010-6831-3475,25,S02,W03
wnsp8014@google.com,정민임,7209,F,25,010-2453-7759,31,S01,W01
ltxvetv67@google.com,박예혜,2462,F,31,010-7544-7696,39,S01,W01
zbmwg183@google.com,윤서지,gr1447974610,F,28,010-9262-9742,33,S01,W01
vvsienxz830@google.com,박예임,g6085188276,M,69,010-6854-0074,21,S04,W04
rayyqs3@google.com,정서지,ep563178,F,13,010-5571-2206,38,S02,W02
okxcunb55@google.com,정민연,sh83833263,M,63,010-0253-3111,25,S01,W01
dywzwun@google.com,윤초혁,7262,M,71,010-4047-2655,29,S03,W02
ftzhkr@google.com,이현임,jp0572094,F,74,010-4607-0108,31,S04,W01
intblnc1@google.com,장서혜,fc3268291197,F,28,010-2827-6499,23,S01,W04
rmfocvt7845@google.com,이현연,ub2135,M,52,010-8463-4343,31,S01,W04
tigynk37@google.com,임서혜,82895145,M,27,010-5336-1822,37,S02,W02
dwbkb0@google.com,박윤임,8754127,F,59,010-2320-1603,25,S03,W02
vwdq6@google.com,김윤연,x36303,F,45,010-6497-6338,21,S02,W02
frmlt@google.com,임예웅,qs0397086,M,71,010-2387-1386,24,S04,W01
smmgobx@google.com,이민웅,za140556874,M,46,010-0108-1664,29,S01,W03
cnaesyn6472@google.com,조초연,u5803754,F,23,010-6372-3912,24,S04,W04
oryzret824@google.com,최예진,qs44330576,F,40,010-3647-3214,26,S02,W02
vglcxk7278@google.com,정예혜,691701,M,15,010-3237-8912,36,S02,W03
axbm@google.com,조민연,9087,M,32,010-5590-6340,35,S02,W02
esxoxn9821@google.com,박지장,zh0644912885,M,40,010-1234-0114,38,S03,W03
tuqtqq92@google.com,장윤임,j4372055741,M,48,010-8379-2231,21,S02,W03
qowlacq@google.com,조초장,yd53562831,M,20,010-5371-5229,38,S01,W03
bzbjwjuh325@google.com,최서웅,iz8614918997,M,22,010-6093-5579,25,S02,W03
ikgbge7@google.com,강서연,fu50572,M,24,010-2727-6822,36,S01,W01
llzcqgb2@google.com,조하웅,ta3067119,M,11,010-7828-9025,29,S02,W02
pivg32@google.com,윤예임,4632165460,F,14,010-6828-3582,38,S03,W03
yxbn@google.com,조예임,803696383,M,73,010-5858-1341,37,S04,W03
oojpcx@google.com,최하웅,m04525032,M,39,010-9343-9124,23,S02,W04
trnfz827@google.com,김현연,ja0070,M,46,010-4822-7174,21,S03,W03
junhk@google.com,임지연,25629676,F,10,010-0516-5882,25,S02,W02
pzdsca442@google.com,조초혁,8137910595,M,36,010-1427-5596,29,S01,W01
dqszpd4492@google.com,윤초웅,1022528479,F,40,010-7900-2903,29,S03,W03
mtuyzlo56@google.com,김민수,9428261510,M,40,010-5940-5447,31,S02,W02
fqints05@google.com,박하연,ym41737830,M,20,010-7830-9883,23,S03,W01
offytdz6892@google.com,윤도진,44933,F,65,010-7583-0163,21,S01,W04
ragr@google.com,강서지,3671328376,F,80,010-4782-3338,25,S02,W01
ekbjim662@google.com,박하혜,m7478494,F,77,010-3035-5974,22,S04,W03
cgef42@google.com,조하웅,nv502014,F,21,010-8177-7548,34,S04,W04
qdjobkfu687@google.com,임서지,ph9020723,F,34,010-0888-3745,11,S03,W04
fxxc4@google.com,이예연,584047,F,62,010-8800-7306,39,S01,W03
ujot9907@google.com,김서임,gl22950984,M,70,010-3901-7302,31,S04,W03
nmelu921@google.com,윤현지,v272675,M,76,010-2690-3224,11,S04,W01
vjff900@google.com,윤예혁,gw209384,M,34,010-2676-5732,26,S03,W02
jtyt2@google.com,강하장,2311,M,49,010-7817-9527,23,S02,W02
nvulbsj54@google.com,조초임,vn63519,M,17,010-0202-5784,22,S04,W02
psgvlsue@google.com,조지진,x8351026,M,35,010-8528-4562,33,S03,W03
qfzqgl11@google.com,윤윤진,gw0748,M,31,010-8664-2841,26,S01,W04
rzuo4741@google.com,최하지,t3042,F,26,010-8473-5781,38,S01,W01
rbmwpyk@google.com,김지혁,31646,M,19,010-8504-0815,39,S04,W04
porg0903@google.com,정지웅,v04267991,F,48,010-1912-9553,22,S04,W04
luio@google.com,장현웅,3086751794,M,73,010-5242-4265,35,S01,W03
ycfk1453@google.com,박민혁,am34223,F,66,010-2241-1441,24,S02,W03
anaufav0210@google.com,박예지,ny2181,F,63,010-1262-1027,21,S03,W04
lkrn6749@google.com,박초혁,j475330,F,63,010-0865-2295,29,S04,W02
ecbzom61@google.com,정지혜,bn2252,F,24,010-4395-0577,26,S02,W02
jogij53@google.com,윤초순,6597962,F,33,010-6829-2377,11,S03,W01
pcax5@google.com,이윤장,a87773636,F,61,010-0730-5819,29,S02,W04
ogytu3@google.com,임서웅,uk504906008,F,67,010-9194-2610,38,S01,W04
cemo7@google.com,강서순,pq796785483,F,67,010-2569-0205,21,S02,W02
fntdavm38@google.com,임지혁,jb961644270,F,32,010-2695-7233,24,S03,W03
izvtwypn@google.com,조초혁,xs8547708301,M,26,010-5420-7760,37,S04,W01
rjrnooi0@google.com,임민지,8219599697,F,34,010-6295-0000,32,S03,W02
cslyn038@google.com,윤초혜,jy90258665,F,70,010-5164-7502,21,S01,W02
xyatyvq406@google.com,정지수,sr931107,M,20,010-2783-9571,33,S03,W01
vldoq@google.com,장지혁,k0793,F,49,010-5897-2135,11,S02,W01
ixyvzcob584@google.com,정지혁,84521,F,77,010-7639-5714,26,S02,W02
ixyvzcob584@google.com,박도순,vd134735,M,61,010-4028-1160,34,S04,W04
qaahqr6@google.com,임하연,b40712202,F,74,010-1818-1907,35,S01,W02
nlwp941@google.com,임서혁,oc0368787,F,64,010-4044-4009,22,S01,W02
fmru5027@google.com,박도순,49986895,M,18,010-6175-8928,39,S03,W02
mrjm12@google.com,장지웅,11902395,M,67,010-1231-4391,21,S02,W04
nmlumoj@google.com,정하지,ip72311139,F,77,010-0478-7018,26,S01,W01
aseg@google.com,정민혜,x28994055,F,11,010-5810-4390,32,S03,W04
weyegti43@google.com,장초장,3443665492,M,42,010-6458-2202,21,S01,W02
uyfssz0@google.com,김초지,590300,M,34,010-6680-3634,23,S04,W03
gtrqnszs8@google.com,최현웅,27845106,M,49,010-4107-0661,11,S02,W02
vxdcfpis1@google.com,김서지,8215,F,77,010-8191-6941,21,S01,W01
bizqgce5523@google.com,최초혁,m1451085806,M,22,010-9891-1706,36,S02,W01
utygp39@google.com,정초진,b98083976,F,53,010-5318-4292,22,S01,W03
nxatcyqy9910@google.com,이초수,11482,M,60,010-0167-8843,22,S02,W02
hpdtmaaa52@google.com,이윤진,8571,M,22,010-1768-6788,39,S03,W01
ttfbyc7682@google.com,정민임,54024831,M,60,010-2644-3439,34,S02,W01
wvzgfflx67@google.com,박지혁,b4210460,F,52,010-5441-1674,22,S04,W04
mundmi96@google.com,윤윤웅,c047125,M,54,010-2752-8153,23,S02,W01
qgzsv6@google.com,최도웅,gd0856330,F,24,010-3849-2312,26,S02,W02
rjwwy30@google.com,김초웅,ve1184431,M,78,010-2104-1577,37,S04,W02
hjxh6630@google.com,최현진,bo4557,F,32,010-5072-6460,29,S03,W04
dviaot6@google.com,정도지,h3709725844,M,18,010-8302-6899,23,S02,W01
styp135@google.com,김서임,od5360181,M,39,010-1964-4624,33,S03,W01
rogk35@google.com,박도임,er2244,M,20,010-5305-8096,37,S01,W04
euzvcfvi2@google.com,정초웅,pq1774090,M,35,010-5081-9600,31,S01,W02
oynr@google.com,임윤혁,lk20701,M,33,010-7214-5141,21,S01,W01
buprbqzs@google.com,임지웅,2839626,M,28,010-5901-5805,21,S03,W04
vldoq@google.com,박지임,s9109543703,M,29,010-5730-9406,38,S02,W02
sujl3001@google.com,박현수,g5334587,F,69,010-0162-0581,22,S04,W04
opte0289@google.com,장민장,w9874902487,M,18,010-4971-5294,11,S01,W02
sflnor698@google.com,최현웅,kr86253742,M,12,010-9851-8412,24,S03,W01
opsugvo349@google.com,장현혜,n002546,F,52,010-5491-6409,25,S02,W04
ralpiytn1283@google.com,최현임,9522,M,15,010-8443-9749,29,S02,W03
woqsnh512@google.com,장도수,o09619094,F,25,010-3432-9515,22,S01,W02
vhhis4@google.com,조민혜,s5304254,M,20,010-9060-4244,24,S04,W04
syfjbwh9166@google.com,박윤임,th349691,F,27,010-5190-0578,21,S04,W03
mmnykvi189@google.com,이현웅,o9355423078,F,12,010-6636-7972,26,S02,W03
gtvuibh487@google.com,박도지,jz9692548,M,44,010-1816-4741,39,S02,W03
hrjghvbv240@google.com,박하임,gi403527957,M,16,010-0105-0694,32,S02,W03
kbsg08@google.com,임현장,n711008831,F,59,010-9711-9105,35,S01,W02
sfiwnr086@google.com,이도임,843629,M,63,010-2086-5605,39,S02,W04
ccvmkffd6@google.com,강지연,br2771048208,F,65,010-5303-8204,29,S02,W04
clgft812@google.com,임하혁,49004949,M,60,010-0455-1961,36,S01,W04
uvoq1671@google.com,윤윤수,i93316773,F,21,010-6698-3112,33,S04,W03
ccwof8@google.com,이하장,bw937765,F,61,010-9803-0849,26,S03,W04
rogk35@google.com,김현장,t7158468850,F,61,010-2813-9439,38,S01,W01
hsqzef6@google.com,최하수,z092961440,F,74,010-9787-7332,36,S03,W04
curxxhin4@google.com,최도임,6178119937,M,80,010-9205-8419,25,S02,W03
ttfbyc7682@google.com,강예웅,k1498506,M,19,010-9310-4409,34,S04,W04
kxssgm@google.com,이윤임,l16501,M,19,010-0591-3543,33,S02,W01
dfynak7943@google.com,김현순,b75602,M,44,010-5618-5366,23,S01,W02
rhflyax17@google.com,정민연,r70485,F,74,010-4803-8828,23,S01,W01
sugp4@google.com,강현수,da47544200,M,40,010-7211-9894,36,S01,W02
zqzwi12@google.com,박민연,0899382,F,70,010-9399-6720,31,S03,W01
azxkwb@google.com,최초진,0322506,F,34,010-5797-5270,34,S04,W01
rjwwy30@google.com,장민수,j0339512,F,41,010-0728-4020,38,S04,W03
joao49@google.com,이도진,pm271337,M,51,010-0300-2951,34,S01,W04
ylnj293@google.com,박윤수,d5606134503,M,63,010-1081-5919,23,S02,W01
qwgrmvtu21@google.com,임서혁,3758,F,16,010-5718-7429,37,S01,W01
iovm64@google.com,박현웅,cd05125922,F,75,010-1582-4297,34,S04,W04
hzbnj2@google.com,강현혜,ke68427,F,76,010-9577-6433,24,S01,W02
igxhx555@google.com,이지진,di1113,M,26,010-6998-6396,36,S04,W02
rcfrhb5@google.com,최민수,s4457562,F,59,010-9433-5488,25,S02,W03
frmlt@google.com,윤하순,a6811,F,80,010-8010-2899,38,S01,W03
wpjrzmul387@google.com,정서혁,wy9774037,M,80,010-3426-9187,31,S02,W02
ekdpb@google.com,장초진,0669080185,M,63,010-4473-4517,37,S01,W02
kcymql020@google.com,최하임,o51366887,M,63,010-2171-4315,22,S03,W04
bmoyribf4597@google.com,김예연,23165,F,32,010-2660-7405,23,S04,W03
oytmmdze78@google.com,조도혁,854539272,M,30,010-9874-2578,32,S03,W04
toukcab630@google.com,이윤웅,ae256802346,M,11,010-4394-5630,38,S03,W04
ziax3@google.com,임민장,rd6226271703,M,48,010-4774-1427,38,S01,W03
cwmf6155@google.com,장도순,3426,M,35,010-8323-4990,33,S02,W03
pgwejp364@google.com,박하혁,pt0083,M,78,010-5713-0911,11,S02,W04
czch5572@google.com,김민혁,f5291,M,10,010-8392-3495,38,S03,W02
pyzc3@google.com,장현진,hn7497,M,16,010-7346-7202,22,S04,W04
xjea8470@google.com,박민혜,5225519942,M,28,010-0843-4942,29,S04,W04
rliitqj9@google.com,장서수,rk813139,M,65,010-6022-8823,25,S01,W01
wutigv9089@google.com,강지장,up7950836550,F,70,010-0518-4861,31,S02,W01
vjmsnzo8@google.com,최지혁,er6222888,F,73,010-6922-0968,38,S04,W01
fntdavm38@google.com,강도혜,v5437,F,67,010-6197-5814,38,S02,W01
lxth2860@google.com,정지진,0662,M,69,010-4395-5619,33,S04,W02
sxxxjkv4@google.com,조하수,mc8738,F,38,010-4531-9674,29,S01,W03
sflnor698@google.com,장윤지,xq0095460,F,56,010-2829-4198,34,S02,W02
unjt19@google.com,박초임,164668630,F,77,010-2818-9286,11,S03,W03
unjt19@google.com,최하장,v91406892,F,40,010-1345-2884,22,S01,W04
vxdcfpis1@google.com,조현임,48564,F,21,010-5657-3147,31,S02,W01
sxmtygq1@google.com,이하진,43557165,F,48,010-0806-9939,26,S03,W02
qwheg@google.com,임윤혜,w4665,M,23,010-0759-0211,35,S02,W04
iusq8764@google.com,임서연,hm248340,M,39,010-1149-5292,24,S03,W04
sflup3@google.com,윤하수,15630666,F,70,010-6353-2104,32,S02,W02
stbni110@google.com,조윤혜,k139604476,F,30,010-8270-8085,25,S01,W03
zpagqu@google.com,정서웅,c721130540,F,77,010-1660-4555,37,S04,W01
ipdqwetc140@google.com,김민진,39033478,F,39,010-4008-0579,24,S03,W04
aosaywsm45@google.com,장도연,zf51754365,F,57,010-5820-1241,34,S01,W04
dtyg382@google.com,정지진,oj0755798,F,49,010-6344-9701,23,S02,W01
dqtdo1@google.com,김서수,238216442,M,11,010-4465-9401,33,S03,W04
jgar6929@google.com,이예임,963046402,M,40,010-5772-5569,36,S04,W04
jgdw@google.com,강서웅,421676296,M,15,010-7312-3891,23,S02,W02
xaejxk@google.com,김초혜,lf1224227,M,48,010-3343-0610,24,S02,W04
gtvuibh487@google.com,정예임,66844729,M,20,010-9631-7753,34,S03,W01
lxth2860@google.com,조하웅,kp837551,F,65,010-1926-2865,33,S03,W02
sscedi6@google.com,장현수,cs465500,M,49,010-1628-2401,25,S02,W01
fnaew7@google.com,장예웅,dv369654028,M,73,010-7582-6270,24,S01,W02
gltado998@google.com,조서혁,al31395,F,62,010-0338-7513,33,S04,W02
ebjqj3055@google.com,임지지,m3415774415,F,43,010-8094-9205,26,S04,W04
scmzpc@google.com,장도웅,c5139129280,M,17,010-2121-2071,33,S03,W01
ktkpdvya852@google.com,정도수,y4749,M,42,010-3679-0573,32,S02,W03
dxbjdamy1050@google.com,최하혁,k136208,F,26,010-5110-4958,11,S03,W03
kjixf553@google.com,김도연,n44281783,F,21,010-7825-2274,37,S01,W01
ucttxwo@google.com,최예진,8403,F,22,010-5574-0466,37,S02,W01
wplohj2765@google.com,윤지진,aq0211073,F,32,010-5960-9401,25,S04,W04
rcfrhb5@google.com,김윤진,zh2137106,F,26,010-6964-3527,23,S04,W01
nqklgoha1693@google.com,이예지,92897865,M,22,010-9371-3265,32,S04,W02
idavvilw5895@google.com,강현임,nk39851704,M,26,010-7519-4758,11,S01,W02
wrjil127@google.com,임민연,pa311751534,F,79,010-2794-5406,31,S02,W03
evyra4047@google.com,윤초연,df649054,M,71,010-5868-8225,38,S01,W02
rzuo4741@google.com,강지혁,ln7993378059,F,46,010-0060-1941,35,S02,W02
lupfjjf283@google.com,장민지,s6856346383,F,52,010-5232-1365,29,S02,W04
hjxh6630@google.com,김서수,250560732,M,25,010-7093-3295,36,S01,W04
toesywdq958@google.com,강초장,5790,F,14,010-3150-3053,23,S04,W01
jpjoqo071@google.com,조초수,fi06764795,F,24,010-0171-8477,25,S03,W02
smmgobx@google.com,임도수,7436,M,16,010-3129-7861,37,S03,W04
zpuu@google.com,이민웅,yv399429,M,65,010-8154-1988,33,S02,W02
bebm7@google.com,강초수,eg515320359,F,23,010-9455-3324,22,S02,W01
iusq8764@google.com,최예장,2990689442,F,38,010-5425-5200,38,S03,W04
ksuqaq1@google.com,정현임,5037612,F,44,010-6046-1600,33,S01,W02
zjmzhb402@google.com,윤예진,0853007664,M,50,010-6255-2971,33,S01,W02
vire003@google.com,장지수,44553069,M,75,010-2486-1095,26,S02,W03
qlirb805@google.com,장서지,t251681,F,56,010-9797-8776,37,S04,W02
pzdsca442@google.com,임초지,yg3493066827,F,55,010-5317-9504,21,S03,W01
pegianm6594@google.com,윤지웅,26635,M,31,010-8231-5273,22,S02,W02
apfji9271@google.com,조예지,23712011,M,31,010-1587-7350,36,S02,W01
vdie74@google.com,윤예연,oe5410216,F,46,010-2532-7504,29,S01,W02
nipjow9@google.com,조민수,kj8829256,M,44,010-3393-5238,33,S02,W01
uvfvwtp@google.com,최민임,d3065474,F,44,010-3977-7939,34,S03,W04
dxbjdamy1050@google.com,조초혜,xu7160447387,F,63,010-2644-3117,39,S01,W04
lezj1@google.com,최서임,f7717563,M,47,010-7900-6028,32,S02,W03
eemea@google.com,김서웅,1963134,F,35,010-6991-4490,36,S03,W03
xaejxk@google.com,최하웅,ck694002177,M,20,010-1193-0359,37,S04,W02
ozbyci3388@google.com,강예혁,h67458842,F,78,010-2450-5799,29,S02,W03
hiwz@google.com,윤민임,4296325149,M,32,010-2450-0536,21,S01,W01
smcx47@google.com,강도지,h4252496,M,33,010-5012-8496,26,S03,W02
jegtv54@google.com,장지장,235956601,F,50,010-3454-6113,26,S03,W03
ekdpb@google.com,장하혜,654593,F,27,010-3266-5648,21,S03,W03
cslyn038@google.com,임지순,9987294,F,75,010-7437-7168,11,S03,W04
oapmgr9@google.com,최초연,rq41021,M,55,010-1476-7227,11,S03,W01
eppis7@google.com,조윤장,q6718612324,F,60,010-7245-1578,23,S03,W02
ottevx83@google.com,박하수,yd770477386,F,75,010-6143-7561,24,S01,W02
jinn0653@google.com,강지임,vo045920332,M,73,010-1365-3013,32,S01,W02
fxasllj@google.com,임예수,iu4697171,F,66,010-5697-7465,21,S01,W02
kkpvz@google.com,조예수,k451373030,M,49,010-1288-0501,24,S03,W01
eppis7@google.com,최초수,a165286,F,14,010-3554-8801,22,S02,W04
lulbmrn3802@google.com,조현지,2228731,M,38,010-9840-7610,35,S02,W04
alypgec17@google.com,김민혜,l2562286275,M,13,010-3210-4323,31,S01,W03
ccry79@google.com,최하장,v216152,F,78,010-8848-2292,35,S01,W02
usylrp41@google.com,이윤수,an9425,M,54,010-4858-7502,23,S01,W03
wutigv9089@google.com,조하진,5288869240,M,59,010-5110-5385,34,S02,W04
vvsienxz830@google.com,윤윤장,15550231,F,21,010-6760-5400,29,S02,W04
ysrv@google.com,이서수,o523088249,F,39,010-4203-6309,34,S01,W04
oojpcx@google.com,강도장,m5734,F,72,010-1081-7956,34,S04,W01
fyptel72@google.com,강윤진,c49386547,F,78,010-2364-2804,38,S02,W02
igtm@google.com,최도연,24792646,F,70,010-1829-0305,11,S01,W04
fjacrs744@google.com,박하진,50094,M,43,010-9307-3444,34,S04,W04
neqse05@google.com,김윤진,au33517219,F,54,010-3681-7241,37,S02,W01
ottevx83@google.com,강윤혁,de3326,F,53,010-3356-0526,39,S02,W04
hhmnlfki414@google.com,이도장,827701,F,40,010-6892-1633,33,S01,W04
ebcidb33@google.com,최현혁,jn388320,M,26,010-4582-9201,39,S02,W01
fcbwv39@google.com,이예혜,q3545267626,F,52,010-0487-2211,23,S03,W01
iwybrfvj5@google.com,김민임,nh13168851,M,15,010-3139-7377,39,S01,W02
vazwnh7@google.com,박현장,8632,F,62,010-2401-4945,24,S02,W04
slllkz8@google.com,정윤웅,v6206,F,61,010-6751-1165,34,S03,W02
zjwr@google.com,정지장,f46623908,M,70,010-6768-2505,32,S04,W01
vpjbx75@google.com,장지임,v527202,F,75,010-3488-1871,29,S01,W04
lhjbiz0@google.com,최현혜,n95785,M,72,010-3341-8539,11,S02,W04
jilpkspa7@google.com,김도수,fm0029348,M,15,010-9076-4469,35,S04,W01
jozxwv54@google.com,임서임,l041745,F,39,010-9385-4107,37,S01,W04
vvhlh697@google.com,최현혁,7987502297,M,74,010-5158-1574,39,S04,W01
slkp65@google.com,임서진,fw1424327,M,50,010-2400-9005,11,S02,W02
frmlt@google.com,윤지연,vn6890688,F,19,010-9088-3186,11,S03,W02
ufffk@google.com,조현지,3315117,F,29,010-9584-2125,35,S03,W04
udwke4@google.com,김예진,tn4661872621,F,31,010-1253-5862,21,S04,W04
evyra4047@google.com,임예혁,pq8646,M,63,010-9916-4718,11,S01,W02
pzdsca442@google.com,윤하순,f7621493,M,24,010-4548-7467,32,S04,W04
wttkei26@google.com,장현혁,fr005606,F,49,010-3726-6645,29,S01,W04
rjwwy30@google.com,임민임,1050,F,60,010-6948-3969,21,S01,W01
vynrv5163@google.com,강예임,y24049565,M,15,010-4867-3499,11,S04,W01
mvauf@google.com,임하혜,f22000391,M,60,010-7611-0475,29,S02,W03
jjtw898@google.com,최민수,p0622072,F,61,010-7464-3586,36,S02,W01
npdqmz1@google.com,정하수,f0035678003,F,22,010-5932-4059,24,S02,W02
ejxf@google.com,장하지,xa2587545,F,59,010-5010-1834,34,S02,W03
crzpztb613@google.com,임하임,h73339064,M,80,010-2154-9012,29,S01,W02
rjrnooi0@google.com,이지임,z104185,F,62,010-2628-7908,34,S01,W04
idavvilw5895@google.com,임예웅,jr787341,M,16,010-3900-3342,22,S01,W01
xphoqjhd@google.com,최민웅,2009,M,45,010-3822-9533,25,S04,W01
ordejn412@google.com,최민혜,g134747184,F,51,010-2640-9750,34,S02,W04
bkno24@google.com,박하혁,o70285,F,73,010-3133-4621,35,S02,W01
intblnc1@google.com,정예혁,kq6903035108,F,58,010-3389-3894,37,S03,W04
lhjbiz0@google.com,김민혁,55086,F,16,010-8917-2218,36,S03,W01
vmihca6@google.com,조예수,qq436433613,F,72,010-8216-6090,22,S02,W04
zaqiz8@google.com,임지진,3426,M,33,010-4946-7528,39,S03,W01
dviaot6@google.com,임현장,r2209821421,M,38,010-0482-2395,39,S01,W02
vwdq6@google.com,이지연,pc6412,M,34,010-1969-8586,29,S01,W03
zbilvnnb4574@google.com,이초연,h1591,M,13,010-1674-9364,32,S01,W04
ldkqbfkh3@google.com,이윤장,qs8971845265,F,71,010-4022-9017,26,S04,W04
hdqag5@google.com,강하순,t37042,M,43,010-4970-4733,23,S04,W01
nwdbrph3@google.com,조현수,y467731,M,66,010-7624-8861,33,S01,W03
zbmwg183@google.com,장현순,w9263541210,F,19,010-4340-3715,36,S02,W01
sflup3@google.com,최서수,96684794,M,15,010-4613-9378,26,S03,W02
cpfn35@google.com,이민진,c5151173,M,12,010-9798-7447,31,S04,W04
wufqpma67@google.com,김서진,0670983805,M,80,010-5577-4361,37,S04,W04
beypxt@google.com,조예웅,r0301131968,F,10,010-9363-9906,38,S04,W01
epyfz229@google.com,강초지,z5552576,F,51,010-0803-7453,24,S04,W03
vcdv0124@google.com,이현진,9819,M,40,010-3366-8537,21,S01,W03
atpo500@google.com,김윤장,166747,M,25,010-6966-7313,38,S04,W02
ltxvetv67@google.com,임예웅,tq19689200,F,14,010-8129-4819,23,S03,W04
wfhu858@google.com,최초순,ft793583,M,20,010-9442-6997,21,S04,W01
bthhzo117@google.com,장윤순,j6360,M,19,010-0142-6914,21,S04,W02
fndeh9@google.com,최지임,936032,F,49,010-7411-4905,34,S02,W04
weyegti43@google.com,최초임,961531835,F,44,010-2420-7694,33,S01,W03
