userId,name,pw,sex,age,phone,address
dsxzsg@google.com,강하연,bu81969793,M,20,010-5988-5093,22
pahnhs@google.com,윤하장,188072199,M,59,010-3202-7729,33
yxgnjwu75@google.com,이도순,v8613,M,80,010-5164-0177,24
ritx@google.com,이지혜,ey83528782,F,49,010-9534-7818,34
vxfqppzt8154@google.com,최윤혁,qr982836182,M,70,010-4590-3218,38
wultkyo6992@google.com,장서장,p3390549,F,61,010-3577-9351,33
yuru25@google.com,최예진,z794601325,M,23,010-5435-8680,36
rtrttjt974@google.com,김서임,0130,F,29,010-6436-0911,11
qqsks7@google.com,강민진,v386035311,M,23,010-6554-0032,38
tdwfwzrd@google.com,박초진,wg482650486,F,55,010-4941-5851,33
ttdiauj9@google.com,윤서수,ka246358638,F,70,010-6173-2071,22
gvez74@google.com,조지연,20671,F,71,010-6666-6084,35
ajqte@google.com,강도연,z28847459,M,10,010-5993-5942,33
dttcguev@google.com,강윤혜,k6483344019,F,54,010-0831-4073,38
zjnhu@google.com,조지혁,j0619,M,61,010-3031-5394,35
pegbhxz5@google.com,최서진,443787,F,55,010-2232-7769,29
xeoyzby9@google.com,강도웅,c99504,F,10,010-4840-6309,39
htnjrvhs90@google.com,박지임,y513739,F,23,010-6567-0198,11
jvdiuyf@google.com,장초순,ra34156,F,52,010-8227-8926,22
suoy@google.com,김예혁,yo4586011,F,21,010-1866-3910,29
kqblssb763@google.com,윤하진,lq17281,F,54,010-7661-9134,31
bzqr994@google.com,최지혁,xx42745,M,20,010-3190-1757,36
qoswic9@google.com,강윤혁,hx623114,M,12,010-3393-6533,25
glnsai869@google.com,장현혁,na3561,M,43,010-1794-0391,21
zkgp9430@google.com,이도혁,de461011585,M,35,010-6778-2035,35
fscinqd683@google.com,조예연,r049931,M,37,010-1935-8007,25
rotj5187@google.com,최예혁,x073070743,F,55,010-6231-6521,31
sxgng21@google.com,최초연,hl0658631568,M,54,010-6308-9175,39
rpolelu@google.com,김민지,jt80112415,F,47,010-3386-8418,23
xodnez7@google.com,윤도임,u74987,M,18,010-7150-2885,35
givzetkv@google.com,임예지,79406,M,33,010-4264-1621,35
ebli6910@google.com,조도순,056368,M,21,010-7430-2930,21
fcynwx95@google.com,김하진,59843,M,54,010-3789-2069,34
ihgmrl08@google.com,최윤장,vh8365,F,60,010-1184-3395,31
uoddnajs440@google.com,조현장,a2229914871,M,16,010-5297-0729,34
njvr@google.com,박예웅,3891315,F,64,010-3430-9134,26
fqgooj1123@google.com,장지장,s59652,F,38,010-3224-3989,35
adypadr66@google.com,조도웅,dt8651,M,63,010-3181-6351,31
xzzemqud7@google.com,임예웅,738985,M,18,010-3155-7261,23
tglosr@google.com,장지수,9017,F,10,010-1606-2155,22
qijxagnt067@google.com,조지순,u351580017,M,66,010-4280-7146,37
tmyefl77@google.com,정하수,0372649,F,61,010-4390-0935,34
uozjx@google.com,이민연,317195605,F,12,010-4095-6628,26
mrhi6816@google.com,임하혁,0808,M,35,010-6518-8403,38
ccjb@google.com,이민웅,990638,F,38,010-7927-3869,26
opsvfvdf07@google.com,정예혁,br446340562,F,20,010-5393-4662,38
ncmwrl29@google.com,임지지,db958093479,F,27,010-8172-3440,37
pipz@google.com,장현임,748323,F,50,010-7082-0438,21
gtnadt32@google.com,윤서수,91653,M,58,010-6970-4502,37
vyldlsfm243@google.com,장윤장,145096821,M,48,010-2344-6886,24
yfhm78@google.com,조지지,xu5389302,F,65,010-0773-4008,11
qdftjw587@google.com,장윤수,o905404,M,44,010-4844-9508,39
nsgh88@google.com,박윤순,x4011,F,80,010-1309-9793,35
cxorpo231@google.com,최하진,5533786,M,54,010-0524-0376,26
ycupntde19@google.com,김초수,283438,M,75,010-5681-6227,21
hvas@google.com,임초임,n4922335176,M,57,010-8324-8099,32
eiwyezh70@google.com,강윤진,l0593444,M,54,010-2658-4070,38
rnflt7@google.com,정현혜,69416,F,25,010-1908-4949,29
eviraxj1@google.com,박하혜,6609598069,F,19,010-7885-8276,29
webvzccz8@google.com,김지장,g3295048,F,64,010-5756-0309,11
ftvcrhil5@google.com,박하수,nc17747998,F,55,010-6475-5117,25
ndjmqbrv4@google.com,장지임,37189,M,25,010-1174-3295,23
gtvo@google.com,강초혁,661882,F,29,010-4103-7034,21
zxhlpcjv39@google.com,이윤웅,658857,F,21,010-1078-7927,35
gyvdn22@google.com,정현웅,m4658897,M,21,010-4670-1261,37
nqtbpydd@google.com,장초임,7804901382,M,75,010-3916-7883,37
elpf1@google.com,강하장,d5695781,M,68,010-4603-9180,29
hyibg4925@google.com,이초장,ht927851497,F,73,010-5490-9612,33
ugchqb75@google.com,정현임,a983122,M,24,010-5309-6713,32
xscwga@google.com,최윤웅,s014719,M,24,010-6001-3841,39
dkfjg@google.com,최현순,65197,M,16,010-1862-3683,32
uhtook67@google.com,장초수,4113,F,59,010-7298-2802,25
mjbbxyu96@google.com,조초웅,0635638,F,47,010-2983-4860,33
jkpyyua305@google.com,정민웅,z169010826,F,29,010-0694-0101,22
rogamtdz675@google.com,임민연,2512347225,F,25,010-1912-5418,24
rijq6411@google.com,박지장,d641233089,F,57,010-9048-9504,24
nemibepf8@google.com,장서장,ci3492629112,M,71,010-2116-3360,26
tjzyjf9@google.com,강민혜,n0628,M,17,010-3749-0930,21
nilwnel907@google.com,윤현지,cf51363,F,44,010-1907-5340,38
tjcyiqma8@google.com,임도진,g97168535,F,73,010-8415-5467,38
geyav@google.com,정민웅,xq8078125358,F,17,010-6033-9452,39
xftsni4302@google.com,박도지,kf9685745345,M,13,010-6159-8175,39
zzatlsc@google.com,임예웅,n24381,M,31,010-1931-5061,22
spjdwq1880@google.com,강초웅,w6270822,F,71,010-5467-8082,31
gzjzxoj@google.com,박현임,r123521036,F,44,010-7814-4472,11
oampb0002@google.com,강예진,08689435,M,57,010-1352-5818,31
hvyrrhge@google.com,김지혜,wc47059536,F,68,010-6051-7319,38
foowm6@google.com,장지연,zz216541,F,57,010-5104-1762,25
nxkrhco61@google.com,김예순,tx2340038946,M,65,010-8628-0034,21
mnmhqw908@google.com,장도장,f5006658,F,60,010-0490-4277,35
ytkbmivd5317@google.com,장초임,901024,F,61,010-0661-2079,35
jpti49@google.com,박도연,ke1604503,F,30,010-2393-7540,35
wsuhtd716@google.com,장민혜,r9875057,F,48,010-1684-2888,35
wmgafazg3@google.com,김서지,j26746,M,66,010-4998-1192,24
mzbzhj083@google.com,김도연,z974581112,F,45,010-8674-1333,34
iaicdqo7@google.com,정윤지,ud14587972,M,35,010-2150-0461,24
aqwlcq19@google.com,이하지,tp459113220,F,32,010-3835-7325,11
pjolqs74@google.com,윤현수,zl93279998,M,59,010-0691-9930,34
adcc3677@google.com,최예장,i960965732,F,29,010-8754-7738,26
tebkz6@google.com,장민연,ct5378643492,M,71,010-2816-1484,39
nrhgdwn2@google.com,임민혜,nx114692961,F,43,010-5720-2422,32
gpaovhl1359@google.com,김도장,jm397616,M,49,010-4140-4721,32
mcufqnp@google.com,임지웅,2464,F,53,010-5029-1896,11
qngtole0@google.com,이초수,ik0696,M,55,010-3586-1464,22
lqae2296@google.com,윤하혁,0835,F,71,010-6485-5124,26
nkmu8@google.com,김도지,240765099,F,30,010-7848-5672,37
yrhpgdbu1236@google.com,최예수,1084,M,14,010-2283-0681,37
uprqutpo8@google.com,김도혜,4742625139,F,76,010-0996-6881,24
ekapg17@google.com,강윤웅,q69340,M,61,010-6009-8499,36
txwowdm94@google.com,최민웅,tv27486231,F,38,010-3893-3763,24
shsphfx26@google.com,박예장,507643,M,74,010-3337-8165,35
imeh939@google.com,강윤혁,9244,M,63,010-3767-9998,39
znso11@google.com,김도진,cy1336082910,M,38,010-7215-6961,34
tbyw33@google.com,김민지,ye668752792,M,18,010-0034-6007,38
zqwdjuxu@google.com,김지임,ms37429,F,46,010-2824-9749,39
wnbgjepm906@google.com,임현수,i7712,F,41,010-0184-0882,32
nhhi1@google.com,정윤연,7493517,M,64,010-5176-5740,31
rtggsna257@google.com,박민혜,657421965,M,16,010-9685-6154,26
xnlcj144@google.com,조민장,4168,M,25,010-5442-0980,21
jrchq@google.com,정초웅,m03359,M,48,010-5310-3413,35
zemncr172@google.com,최도장,ct64683923,F,73,010-8514-7773,22
eopgw211@google.com,강윤연,546498,M,23,010-2702-0685,29
ccsy6919@google.com,조현장,df37366000,M,72,010-9303-7122,36
gttnr5130@google.com,윤현연,mo35957,F,28,010-0891-5335,37
gvkbkxd4@google.com,박윤웅,gs1036295,F,18,010-4356-0442,37
yljj900@google.com,김현수,g9616,M,59,010-9385-0217,35
xlny550@google.com,정지임,w1888940,F,69,010-4717-8288,38
ricostxs35@google.com,최서진,r471276035,M,22,010-5963-1550,22
sbzm0130@google.com,강도순,60285,M,58,010-8734-3450,36
rqkz6@google.com,조하임,pn7979851,M,52,010-6707-1685,33
qvtjuc04@google.com,임민연,n864438212,F,10,010-9100-6492,34
euywlw3@google.com,임하혜,rd8130267,F,48,010-9843-2596,29
kcigdfqw46@google.com,임윤연,1859168469,M,21,010-3192-3117,36
hmcutm488@google.com,김현지,7893696,M,23,010-6578-5835,24
ygmgrz03@google.com,김예혁,mj57097,F,78,010-0024-9261,25
vehixmhy480@google.com,박서연,je334753,M,44,010-7697-9716,31
ssotj@google.com,조민웅,w258558833,F,51,010-5641-5172,35
vzwqan6035@google.com,윤하진,a4840,M,76,010-1512-2876,38
qrqlt03@google.com,강하혁,el98498380,F,35,010-6362-1428,38
ktulyl196@google.com,김예연,d6201854254,F,34,010-9400-2236,11
ratyrt693@google.com,박초임,8239469,F,52,010-8895-9722,23
ocobt1758@google.com,김하혜,43480,F,70,010-9883-9943,38
zelhfwkx7@google.com,장서혁,ou3510937214,M,38,010-8976-6167,21
jjmgrgt132@google.com,윤초지,795624880,F,57,010-2403-2883,25
cpbmb9249@google.com,장현진,x64007,M,25,010-2401-6695,24
bmyrtm06@google.com,김도진,f73778,M,72,010-0596-2480,33
fbryjau5017@google.com,임민순,j706486824,F,55,010-4453-0139,25
vqqwdiq450@google.com,김윤임,c236233319,M,64,010-6033-2456,38
gcfasg12@google.com,김지지,o5191,M,40,010-0326-2595,24
jwrxe9796@google.com,조윤지,102543112,M,37,010-7741-9935,32
ccbr8@google.com,윤하임,2725992718,F,18,010-9127-0655,32
vwsoxdkx49@google.com,장서혁,c23369298,M,71,010-9405-9309,21
nhbbmidc61@google.com,박예수,ok0772993010,F,58,010-1863-2005,26
gvygc8@google.com,임하임,o8860,F,28,010-8524-9973,11
ucpfnue3@google.com,윤하혜,67646829,F,31,010-5629-7930,34
sruk693@google.com,정예진,45370568,F,30,010-4940-3771,21
wtvvdo1923@google.com,장하지,x3960899168,F,36,010-2116-5869,32
hlrszds@google.com,임초웅,p75472738,M,15,010-2774-1869,39
kopomw6925@google.com,임민지,fk734158,F,50,010-4022-3108,35
yirorc7@google.com,조민연,4176,M,67,010-3673-2841,29
qybek3@google.com,조예진,d5893666609,F,68,010-9343-6893,33
wrkyc814@google.com,박초임,d0549432,M,67,010-9176-8611,36
ykfn@google.com,김현임,90343608,F,51,010-7718-5879,22
prnijh1567@google.com,박서연,eq8892,M,48,010-4503-8852,31
yfkcs887@google.com,박초지,9116811716,M,70,010-2870-7928,26
eylr9@google.com,임지연,773721,M,59,010-1313-9622,39
vixnt@google.com,강지임,o0627326482,M,32,010-4684-4213,37
ojetetju14@google.com,정하지,kj54214,F,51,010-1172-5830,29
hyawtfac1@google.com,최민수,ax895849278,F,26,010-1458-3611,29
sqohwjf5487@google.com,강예장,kf2580568461,F,36,010-9381-4068,29
yyxezc5162@google.com,이하임,s43170,M,33,010-4760-4618,33
fmtc6@google.com,윤초연,r42813860,M,29,010-4438-9235,32
buyqfxi@google.com,강윤수,5612496182,M,58,010-2218-6991,32
stxmceen25@google.com,최하혜,q07005,M,70,010-6323-7662,26
ebklkont642@google.com,임윤장,u7913997,F,39,010-9893-2674,31
wuqhy@google.com,이하장,cp641196,M,66,010-9474-7163,32
drvoq27@google.com,조현혁,a1938363,F,66,010-1471-7887,37
zwckzq84@google.com,이지장,g90496648,M,38,010-8680-1455,29
nochnelk@google.com,임지혁,eo22530,M,40,010-7949-9549,36
jldhywo118@google.com,임하연,g3417,F,79,010-1131-0782,37
hzczdod8@google.com,김도임,t2836,F,57,010-5927-1460,32
wetgxo703@google.com,최민연,228369901,M,66,010-1722-6141,11
oprdzbhc360@google.com,박초진,o13924731,M,51,010-7122-1516,35
wtpyqqa0619@google.com,조초지,y96328236,F,36,010-7549-9427,21
isppfvm570@google.com,장민진,h4139900155,M,39,010-0046-9099,38
malo7736@google.com,강초웅,hj39890,F,40,010-3189-8542,24
nwlnni95@google.com,박하임,uv05449016,M,55,010-6756-8196,22
veqxg362@google.com,박하장,l28519507,M,21,010-3357-3091,33
souwdeab5@google.com,박하웅,j2743133467,F,62,010-8069-3192,21
apresgg5809@google.com,최하연,ys83903842,F,28,010-9068-8427,26
owll1@google.com,강예장,4330921472,F,30,010-5827-2174,32
kwmipur205@google.com,박예혜,mk624786,F,48,010-7227-5026,21
uxvfbj9@google.com,윤민임,ki88475338,F,46,010-3507-5484,24
cwhhgmi918@google.com,윤하연,8617047107,F,16,010-7686-9218,37
wkfeihc@google.com,정지수,32365853,M,56,010-3297-5682,37
ieukrxox56@google.com,박윤수,9031111174,F,49,010-5163-7974,34
tjivx542@google.com,조윤장,ft8795,M,51,010-5699-2688,34
zfwh730@google.com,박예혁,691970,F,62,010-5818-9657,32
dtmwegq1@google.com,조지진,z321889724,M,79,010-6731-5676,33
gxbur8@google.com,조현지,d19317588,M,32,010-8335-1612,24
nyfflwet@google.com,강하웅,tv420838424,M,24,010-6732-9244,23
iqzv05@google.com,장초장,925170,M,58,010-1501-3283,22
pjil@google.com,조도혁,61329526,M,66,010-9861-3984,32
stpyk2@google.com,박서혁,1242370,M,66,010-9197-3522,26
jvmituod28@google.com,정예수,3018758,M,66,010-4043-8865,11
rpxmsfj1784@google.com,장도혁,744819468,M,61,010-2898-9555,31
kuxwzk92@google.com,정현장,y20986,M,27,010-0556-5251,32
drwm6@google.com,정도혁,k75430676,F,35,010-3394-7707,21
jmtzvlgv5@google.com,최현장,71118622,M,59,010-2824-5581,32
jdxf893@google.com,박초혁,89869580,M,41,010-6783-7421,34
hasygn@google.com,박예수,bv38982529,M,49,010-2334-4397,33
rzbtthzi463@google.com,이현웅,e73934,M,15,010-4551-9916,24
bpoitx6371@google.com,이도장,bd1714546,M,44,010-8832-0861,23
vaeyaalf9@google.com,최현혁,p975290426,M,41,010-1046-4811,31
kmhpmu6@google.com,윤서순,uo9256,M,18,010-4961-2945,25
qlvoqepi97@google.com,정도웅,378790493,M,20,010-3638-2377,24
aquyxyck90@google.com,이예장,0933853,M,77,010-7325-0105,34
rwgnht65@google.com,조민지,h29681431,M,34,010-7945-6628,21
lhjmszf@google.com,김윤혜,1471867882,F,47,010-0233-2370,29
cuje8@google.com,김예수,051705156,M,65,010-7310-9249,24
ohqkxvzo94@google.com,장서임,m21548,F,40,010-3676-8980,34
zgsfnivh8452@google.com,김도혜,kf12918,F,38,010-1070-9959,32
vahf62@google.com,정하웅,sm10929,F,50,010-1627-9846,26
iljaeha9@google.com,강하순,u0968,M,60,010-1629-1335,24
gduxolto0990@google.com,김예연,o03219846,M,65,010-5230-5386,37
kbpno69@google.com,윤도웅,dr1312288196,F,61,010-8033-0686,21
omrhxlfy66@google.com,장예혜,z96102,F,36,010-4282-7878,38
cptal3@google.com,강도혜,33073,F,28,010-5897-4339,36
zlpnpd904@google.com,윤초장,cf61138582,F,27,010-1383-6906,32
ijmksm04@google.com,정하지,e187342916,F,38,010-6607-3016,11
llkgljo@google.com,임서혜,04534,M,18,010-0605-3821,22
iohwfryh53@google.com,장현임,tc816538558,M,72,010-6931-7896,25
iplgfy6@google.com,장지웅,vp1988712,F,51,010-5360-7573,37
qbmzg@google.com,이민장,g72562,M,18,010-8720-7950,29
zhdc08@google.com,강서임,q743480,F,60,010-8346-5114,24
seuteia95@google.com,임윤임,sq303876843,M,47,010-7075-2685,38
gvcihs0@google.com,최윤웅,2157069216,F,58,010-4882-4129,32
lapucs8377@google.com,윤초장,ez92253,F,27,010-6766-4622,24
ibrw6@google.com,조하장,8761275,M,65,010-8790-5084,31
ynazcia36@google.com,정초혜,p1987777,F,15,010-7845-7064,33
olcrr50@google.com,강서순,qr0900,M,56,010-1472-7917,34
ctthc@google.com,임하웅,u58418,M,30,010-0135-1121,38
wmquzm9907@google.com,임도임,08658344,F,44,010-6535-4957,39
odbh5@google.com,장하지,d35749,F,45,010-6615-6843,26
aywhjoob44@google.com,정서진,oa5790,M,67,010-6030-7829,23
xsldi7786@google.com,임예연,793046074,F,45,010-2943-3672,11
xatyznm02@google.com,장현장,ed3364,M,28,010-4008-0963,29
efkku7@google.com,조민임,g60493,F,52,010-5241-8134,26
damqwgda3104@google.com,강윤혁,861862578,M,25,010-2085-1241,26
aqjyicx247@google.com,박윤웅,869574,M,67,010-9023-8024,38
hertcun15@google.com,강초웅,5471139,F,26,010-6027-0131,35
ujhuu027@google.com,임도혁,c87682,M,76,010-1218-7525,32
sxdnmll8@google.com,이윤임,170963771,F,28,010-5312-7804,11
dhdtxxlq94@google.com,최도장,ij46207,F,40,010-7486-4959,22
ylxywd@google.com,정민순,g9941727922,F,50,010-9130-9157,11
aved23@google.com,강예진,bh32493196,M,41,010-0783-2120,31
wqtu82@google.com,김현장,fk41751278,M,10,010-9829-6564,32
oputac@google.com,김하웅,2821094621,F,26,010-5923-5174,33
qglmz@google.com,김도웅,800610322,F,33,010-0054-0101,36
hworcnn426@google.com,김예수,ee05382,M,28,010-2466-2521,38
uutsb@google.com,최지장,g9665,F,57,010-1593-9418,26
zbpmp063@google.com,박민연,1996677187,F,41,010-6270-2025,36
cnwvlvx8327@google.com,박초혁,i92259,F,36,010-0512-0255,26
ofpmo7898@google.com,김예지,b94346,M,57,010-6040-7703,25
rchnuolo139@google.com,이하진,5665716,F,57,010-1470-0598,11
gzdepnn47@google.com,조예혁,iv773658,M,55,010-5123-4098,35
ibpfna734@google.com,정서장,ml46066,M,38,010-9543-2924,33
aiqavw@google.com,정현임,nj1427613,F,27,010-2585-2720,35
sjqjbv4@google.com,이현지,yg9950128987,F,57,010-9218-8263,21
zhad@google.com,최하장,92900,F,14,010-5361-8797,35
jduryv977@google.com,윤예혁,gz096896,M,10,010-2741-6988,36
tckw73@google.com,최하연,j53107541,M,14,010-7476-9477,33
ziukig3@google.com,김예혁,i35702517,F,76,010-9247-1269,29
shjndnyt4@google.com,최초순,m70737361,M,78,010-9847-5864,22
wtbp656@google.com,장도장,9428,M,61,010-5140-5142,32
lgdegkoq@google.com,윤민임,f67662220,F,63,010-9228-8495,32
hdkowpi832@google.com,최초진,o48999818,M,26,010-1549-2688,29
njxhgt0@google.com,임윤지,0045830,M,59,010-3958-4353,37
jbift@google.com,윤예혁,104970,F,59,010-4562-9458,26
wgomtv@google.com,정초혜,n31845713,F,53,010-0772-1516,25
jhunmxdb@google.com,윤현웅,c33438159,M,75,010-9092-3170,26
mqmg@google.com,조지지,516028,F,78,010-4948-1948,11
ppasun8347@google.com,임현지,287077,F,58,010-5852-4645,23
dqwwltyw1@google.com,조지지,644293,M,30,010-3922-4174,36
cjpf@google.com,윤윤혁,t87582,F,49,010-5947-5270,32
taguhvl5@google.com,조예임,j837567928,M,29,010-6638-7453,36
opkdx325@google.com,이도장,5037345579,M,13,010-9349-5394,22
zewpa4@google.com,조예순,ad1256206,F,45,010-9585-0705,31
rzulcgfs3064@google.com,임서웅,c839301,M,68,010-7678-5016,11
msdfrqgb6116@google.com,윤현수,368708,F,41,010-7966-4093,33
rhffwx321@google.com,장하수,6626,M,20,010-2652-8937,31
caty600@google.com,김지진,lh95063697,F,79,010-8527-6975,35
stre82@google.com,최도수,iw2306,F,68,010-6364-6709,37
ggkxvz@google.com,박현지,zr378859177,M,26,010-6378-0561,39
luhh@google.com,김도혜,h2929296822,M,33,010-4495-4336,26
poqkivyd344@google.com,조도혜,4471,M,11,010-8220-7518,22
nftbjo793@google.com,정민진,ax7592,F,18,010-6032-8640,26
guhasmc9@google.com,이도지,qv748214,M,74,010-8753-2089,29
qtyfvjhb252@google.com,김도수,tm458060984,M,71,010-4318-9114,11
bzfa@google.com,이현진,w9437910,F,30,010-3445-4132,29
kdtrqfjk6729@google.com,조도웅,f38796,M,66,010-1326-0595,32
wpyc9611@google.com,임예혁,1248501,F,48,010-1642-7169,21
stvor@google.com,이민순,g8818220,M,14,010-4803-7019,24
mlqz862@google.com,조현순,c855345652,M,56,010-2970-2385,39
qnnjquh6050@google.com,박윤지,448784,F,41,010-2168-3571,25
mymelu7707@google.com,윤하연,p1416566602,M,41,010-3823-9386,36
cvwrdxsb7359@google.com,윤서웅,525607,F,26,010-0553-4754,21
wdenot87@google.com,박하임,og915231594,F,59,010-1737-0233,11
denucj8@google.com,조서진,j52224,M,44,010-1044-2583,29
nvptd605@google.com,김민순,u9211421,F,79,010-6729-4303,37
cdssift581@google.com,김윤장,g672405,F,68,010-9318-6806,38
asncolh8496@google.com,정도연,x99458326,M,53,010-9584-4408,22
wstt@google.com,임초지,46988948,F,43,010-7120-6018,26
yxeo906@google.com,박초수,vo798753,F,14,010-8091-8060,34
kffvdt8664@google.com,이예웅,iv5320762,M,25,010-3998-7188,29
oewvuq29@google.com,최현혁,o9242000783,M,51,010-1858-3459,31
meoow1@google.com,강도순,70337796,M,73,010-2054-4012,29
lbox@google.com,윤지수,j5575,M,22,010-6623-9305,37
fyvlncum3@google.com,장도수,om112257,F,55,010-9149-1173,11
enbxjcdt4@google.com,임윤임,ad9911,F,51,010-9076-0971,35
wulhegy@google.com,최민임,210898705,F,59,010-5865-3411,38
dybkwj495@google.com,김현순,09341,F,29,010-9761-6517,26
exssqp7@google.com,임도순,k3616868,F,10,010-6073-7362,37
cvkabxg@google.com,정윤진,c5171,F,41,010-2173-4953,31
sfrsj@google.com,조하장,ix925172,F,38,010-6315-8030,32
qqvxlo2@google.com,최민혜,vk841827,M,67,010-3835-5009,33
tebrbfpe@google.com,강도순,p281435976,F,64,010-3896-0471,25
bsoruqdl2605@google.com,최도순,882978,M,41,010-3033-7879,21
zdkf@google.com,이초혜,a89365438,M,80,010-1496-1383,33
dpcj992@google.com,정도웅,f5120813,M,12,010-8640-0739,32
imzuuk48@google.com,임서혁,l36691997,M,64,010-7620-7855,35
hrxz@google.com,이초진,6557,M,59,010-3554-1981,29
kwris82@google.com,김민임,oo8827786691,F,22,010-9120-6665,32
dripcizt7070@google.com,조윤연,v33073007,M,78,010-0659-8150,22
lpwybbs@google.com,최도혁,r681043,M,67,010-1575-3546,24
dyozxy2@google.com,강지지,8256,M,70,010-4784-1826,37
vmhgzbn2703@google.com,박서임,37962985,F,23,010-4970-4879,39
aabkmf32@google.com,이지임,hr4359160617,F,12,010-2929-9609,22
yazuodnn@google.com,임현연,u7909669,M,74,010-1983-9125,23
uknpjikj3@google.com,임지임,309094,M,12,010-7901-2227,24
kuvbj496@google.com,장도혁,hm1148,M,47,010-6489-5642,33
brcmkq@google.com,정윤지,w5662709424,F,55,010-0277-8904,36
ekhlu@google.com,강지혜,tb187507,M,55,010-7241-3163,22
fhzd206@google.com,강지웅,dt048168462,M,20,010-7358-6342,34
iehf622@google.com,정현수,p474447,F,67,010-4867-9374,35
zhymkcvp@google.com,최윤순,hg6445395,F,68,010-8182-0547,36
ikvlhuqp5@google.com,김초진,f0149545,M,58,010-3163-4986,26
rlhtxi@google.com,장현순,469104289,F,13,010-9799-4141,22
atqck8624@google.com,조지임,yw756228,M,31,010-8447-5685,39
dyzxaspk04@google.com,최하수,ah195268,F,39,010-5249-9266,29
ujyo2@google.com,이지지,xd26053576,M,45,010-6489-6939,29
ywaduqfx1@google.com,박하수,sv945695,F,28,010-3276-8224,22
mscyekhd9377@google.com,임도연,lv41573286,F,60,010-7197-5204,11
khsyip95@google.com,정초연,vq6339,F,10,010-4465-8010,34
ailhsppc4@google.com,임예장,l094372,M,37,010-1183-9318,37
ukvdbof5949@google.com,이지순,rv098052298,M,46,010-3178-1443,21
ueyzjtom59@google.com,임서혜,w3097,F,56,010-3254-3402,24
eqxagr@google.com,임초혁,j1639342,M,33,010-7719-4314,32
nbuatmul@google.com,최현장,y5851872,M,58,010-1944-8388,37
ldgpphf2189@google.com,이윤웅,sr9481,M,22,010-6226-6385,25
alzifz3@google.com,최지혁,n5835982950,F,12,010-0297-8084,34
kwaw5668@google.com,박서지,j53956,M,44,010-4873-7983,39
wygm030@google.com,김예순,ct4468,F,38,010-4034-5819,35
zohn782@google.com,최초장,j2700184034,M,16,010-1141-9156,38
qcwij09@google.com,강예진,e9900878,M,72,010-1854-6301,31
oodobtic46@google.com,김도웅,096158,F,77,010-3415-8458,34
rlkwbuh1@google.com,장도지,i568651,M,19,010-5072-0478,24
adhbx60@google.com,박초웅,7042783,F,10,010-4427-2914,33
layvo5@google.com,이민혜,p1748808,F,78,010-3720-9300,22
ocpspd047@google.com,최현연,003330739,F,25,010-8223-8639,24
twkqvy@google.com,조하연,e320179,M,53,010-4084-7073,37
txqs7@google.com,장초지,dr1464,M,12,010-1044-5082,39
jyhp2285@google.com,조지순,ef45881161,F,50,010-5712-1000,34
cctep5@google.com,조민순,2143124,M,14,010-8033-5504,29
ebum33@google.com,정도웅,n112181,M,32,010-9681-5140,37
adqmhvwf565@google.com,임현임,x8125225,F,40,010-0571-0665,29
flxpc668@google.com,박서임,085196861,M,11,010-8625-6267,29
rgmkgv3481@google.com,윤예지,v87638,F,38,010-2249-8847,25
vcwtiewf39@google.com,이초장,zy891006029,M,43,010-1989-4694,36
ciev@google.com,강서순,89494,M,41,010-2137-0808,38
yajuve0@google.com,장초수,3273084553,M,52,010-1695-0120,33
jnrlfkgs596@google.com,박예임,i058992371,F,20,010-0423-4579,31
lchpc64@google.com,조윤진,5324,M,44,010-5564-9615,33
wivlmaed81@google.com,윤윤혁,bp785306,F,69,010-6565-4197,38
mvkvl631@google.com,정윤임,o404165,F,39,010-8769-2340,36
zgwlk7305@google.com,박서혜,f3268384,F,53,010-2361-8729,32
fdbpwfcq6672@google.com,윤예혜,rg0980,M,35,010-2889-3499,38
zlxrbbw@google.com,강지웅,c5892,F,60,010-7911-4246,33
gpdfxu504@google.com,김윤진,p4285211,M,52,010-7158-9204,36
fhnbqwzh94@google.com,김하진,j9696752953,M,50,010-2488-0972,23
jqim6725@google.com,김예장,sp600720561,F,49,010-6636-8543,23
ghyuoly48@google.com,정현순,gm0820,M,10,010-1439-4868,25
gtvfhzz28@google.com,임서웅,p24946510,M,12,010-5046-1964,31
kzofu@google.com,임예장,7787313,M,32,010-2402-0681,26
ggqm964@google.com,강서지,a648111,F,78,010-6724-9138,25
ocdgmo665@google.com,최민혁,r217826,F,38,010-2432-3282,36
wkqwjfd438@google.com,윤지연,mi226978646,F,24,010-8061-6538,23
lukuz075@google.com,박도혜,58859383,F,80,010-2605-8821,23
dwpvg94@google.com,강예임,3850962,F,19,010-6510-6416,35
ojczdz@google.com,강초혁,w4375585501,F,58,010-2695-2769,23
vabbr5371@google.com,강서진,9753431,M,66,010-0132-9455,31
mhxkua40@google.com,김도순,48391524,F,62,010-2875-6414,29
gtltuemw48@google.com,임예웅,r1402,M,26,010-4842-5093,38
ljfzs@google.com,이예혜,818742,F,65,010-5075-5644,11
pyjptdr1@google.com,박도지,3178,M,45,010-0403-6202,39
obfw@google.com,이하혜,71756,F,80,010-2499-2234,34
atta807@google.com,강현웅,13133781,F,23,010-2131-7066,11
uqchouu@google.com,최윤혜,mt262150247,M,49,010-3922-6732,11
tctwtz9625@google.com,이예임,pn52775287,M,37,010-7978-4665,21
whloy72@google.com,이서연,866160,F,26,010-6881-0950,24
nmkb75@google.com,장초지,2122475,F,14,010-4126-5222,31
nrbcyxf3616@google.com,조도웅,cw7585,F,15,010-7258-5796,38
hbwebykb@google.com,이하혁,aa01285,F,30,010-4873-4692,33
gehf8@google.com,조현순,hr23590660,M,40,010-4058-3180,31
qbkxkndi0@google.com,정도웅,xd06374,F,73,010-5298-4564,29
rrgha3@google.com,조도수,q8376599397,F,48,010-6055-1253,21
ohlhbz2257@google.com,강예지,u914433,F,20,010-5648-8815,37
pzzohwje89@google.com,조도지,aj0106713,F,64,010-3105-7306,11
ualgj23@google.com,조초연,x99123979,F,69,010-6374-1570,29
zrptkkd9259@google.com,최하순,pc891965,M,26,010-3036-8510,34
pyzjz@google.com,강윤순,vf9137254413,M,45,010-4471-6850,35
olfkcd8530@google.com,강서지,fr04392,M,55,010-6289-4731,23
rmza538@google.com,최예진,7728998350,F,63,010-9649-4519,38
wszx@google.com,김도임,4361379,F,69,010-7194-9413,21
xogwqsv56@google.com,최서혜,vp562327,F,58,010-1023-5344,35
vabbbjr4@google.com,이하연,jb034126685,M,34,010-4561-8435,39
bnnboh79@google.com,이민장,908038,M,20,010-0608-6747,21
wkiyhel@google.com,윤민임,h704345,M,27,010-9831-4916,35
gesaqgc7@google.com,임하순,y681795555,F,26,010-2720-5904,34
xnee82@google.com,박하수,ig8658326757,F,78,010-2051-0374,24
hnag@google.com,강초장,py2105790,F,54,010-6148-9673,29
hcih1@google.com,윤윤지,81678178,M,65,010-8260-9705,35
khdxpkmi647@google.com,김하임,97046237,M,73,010-7138-1397,35
qrkctmrn@google.com,김초혁,kh363765,F,46,010-0227-2741,26
ngbhdykh@google.com,윤예연,097492607,M,24,010-5270-2121,25
ggelmlwl5@google.com,정서웅,4825,M,43,010-5328-9350,22
uzezmo74@google.com,이민웅,l9141046108,M,76,010-9051-9128,24
lddhtpo@google.com,박민장,2752657,F,34,010-1845-9781,37
ukeqja27@google.com,강도임,k2174480620,M,45,010-8946-8695,39
xfeelp@google.com,김서혁,o72415,F,62,010-9902-3617,38
tprau173@google.com,임초진,rt2109725098,F,17,010-4401-2209,33
nouiet373@google.com,장하장,3191708308,F,37,010-5025-4774,37
ahxhdl@google.com,최도장,t48611,F,51,010-4131-7927,23
auobgog19@google.com,최예순,l515552,M,43,010-9200-0778,11
wupte80@google.com,최윤수,eg51822247,F,74,010-4862-6788,23
sxqn@google.com,박초수,po886827,M,64,010-8088-2802,22
mrpyq8955@google.com,김지임,4932076,M,19,010-0075-3158,38
zwlg8@google.com,조현혁,3309079151,M,15,010-8579-7128,35
qimm@google.com,최서웅,wi930768764,F,76,010-1727-9567,33
ziycj6495@google.com,조하순,vg63680578,F,80,010-7558-8629,11
bfrgrdqu600@google.com,임초진,c165591023,M,16,010-9419-6166,34
busoc078@google.com,장지지,qz5154675,F,58,010-0743-4817,23
kywnbqi5@google.com,윤도웅,9493375,F,17,010-4270-4490,32
tyvnzbxf8954@google.com,정지지,bm4474112,F,63,010-2290-1092,38
ropyfhkf329@google.com,정지진,84339,F,48,010-0436-3562,26
stmhxvw9364@google.com,정윤순,bm0496043,M,31,010-5959-2247,31
uguz98@google.com,최예연,ff44869053,M,25,010-3668-4380,35
aiffq@google.com,윤윤혁,x05861849,F,74,010-3899-3239,25
szvas1@google.com,윤하진,pn5168,F,32,010-0012-6536,36
dtcruq69@google.com,이지임,07884188,M,42,010-0564-6892,23
cpxj@google.com,장지혁,82417139,M,20,010-8874-7073,25
bidmvgys071@google.com,조하순,ny0181606,F,77,010-1919-4662,31
tnjkevj@google.com,조서웅,13334660,M,47,010-4841-6329,34
mmdog564@google.com,임지지,c488204,M,67,010-9967-8480,38
ayweyd6@google.com,임예장,cf0610625514,F,74,010-1183-1719,22
zyro090@google.com,윤윤진,i1417176393,F,69,010-4790-5125,34
bseltjg@google.com,최예장,qq892597858,F,23,010-3658-9263,24
pxtwxuq1@google.com,조민수,1510,F,19,010-2360-5851,34
dgra@google.com,이예혁,h115565170,M,52,010-0595-4391,35
uawvvh652@google.com,이윤연,xy818705,M,21,010-2471-4916,33
hwgsdtl3@google.com,임하웅,ky087176,F,11,010-9392-1610,33
lcjvb42@google.com,이도수,x0312,M,17,010-8735-5741,23
wfkfaeiu0@google.com,이현지,8446,F,62,010-4973-7147,33
hluxim664@google.com,이현혁,n99600963,M,54,010-8181-5578,38
qbxgc11@google.com,박하진,vy40980805,F,21,010-0720-4817,21
fiobwz24@google.com,윤현임,g407044,M,69,010-4596-4709,34
inpgypa46@google.com,최지수,9837,F,58,010-4756-5257,33
hyerjpf7096@google.com,장도혁,py388287,M,74,010-1781-8336,32
serct2@google.com,윤민혜,c628241465,M,45,010-4908-9302,11
mlnsif@google.com,최민장,qk29637,F,47,010-9818-0639,24
yuqaazs6@google.com,김예수,h76873731,M,12,010-6803-1515,32
pmdx08@google.com,최지혁,b7829579991,M,46,010-2600-2075,37
sjio13@google.com,박서장,wy555399,M,80,010-0014-8585,24
zrudbl8@google.com,강서장,pj422479,M,74,010-0111-4110,36
ufye15@google.com,윤민진,b15002,M,39,010-0911-7937,26
oijnbn366@google.com,임현진,wc101209,M,66,010-4322-2681,34
bnoquzhb@google.com,김현순,z03630,F,24,010-6382-1695,23
vxmcysc0610@google.com,장도혜,m777533097,M,35,010-3399-3679,26
upawf254@google.com,조도연,3442683280,F,26,010-7190-7320,31
vehcgn284@google.com,조도연,s19613,M,67,010-6090-9792,31
xdact737@google.com,정서연,z98746087,M,21,010-1837-6033,33
pomk3043@google.com,김서임,wk13195,M,58,010-2071-1959,23
remuaii7@google.com,박윤혜,hh6326855502,F,33,010-4496-5229,11
oslwbk1@google.com,박서웅,9239,F,49,010-8816-8023,36
bvdfqqgb@google.com,김예임,yr828629233,F,57,010-4104-8837,39
qwivw@google.com,이하혜,fj10930,M,71,010-3582-0340,11
emwgam101@google.com,김윤진,766327,F,19,010-4702-9468,34
hpsk@google.com,김초혁,a153836887,M,25,010-1658-9861,33
lkpdmh110@google.com,조도진,e3837,F,15,010-7527-2581,36
jmrwao8743@google.com,박민장,zn854240432,F,42,010-1506-9324,32
ucthktsr4426@google.com,정민수,035059619,F,79,010-8476-1389,22
jjxhyd@google.com,강서진,h941857,M,57,010-6580-0897,25
bykilhg46@google.com,정초연,74125,M,60,010-4617-5484,34
nsjllxit9@google.com,이초혁,vh639816622,M,49,010-0663-5608,35
lsfbaudi2@google.com,강지혁,rs594260879,F,35,010-5745-2361,35
ifzhl6@google.com,정현장,ap3558449619,F,14,010-0977-7866,35
skjk269@google.com,장현장,h273292227,M,57,010-0091-7896,36
rtgkmj7@google.com,최도지,229455925,F,13,010-5251-0765,31
ldmmklle9@google.com,윤지순,p25497,M,39,010-5747-3813,39
iqjwy1160@google.com,최하혁,jf71986,M,75,010-1246-0075,35
bckvhujq367@google.com,최예혜,l7802,M,17,010-4769-1573,26
xlfshzo93@google.com,조서혜,kj06325605,M,15,010-5107-9650,36
bcsdom63@google.com,김현웅,n5853512034,F,65,010-4656-8775,37
tyfqi@google.com,조하진,56091230,F,52,010-1993-5449,39
dmatgxg831@google.com,강하임,984036,M,62,010-7912-6744,29
ekjdy7522@google.com,박현진,cz71701,F,54,010-9630-5969,21
hipe9@google.com,윤민임,bm8312521433,F,11,010-4514-4123,37
qhoat3568@google.com,윤민순,l42974323,M,33,010-6645-3397,29
tffm1005@google.com,최예지,o3659,M,48,010-6947-6021,29
dwav75@google.com,강초혁,w6173880394,M,20,010-8964-6091,24
wheyh989@google.com,조초수,lr54487,M,38,010-3625-6796,34
rgnimt2@google.com,정윤장,71055,M,24,010-1301-7580,11
rrggg4884@google.com,이초혜,9196,M,59,010-4147-1752,34
gymk2@google.com,김하지,731522169,F,25,010-9938-6661,22
mwdqw@google.com,윤예임,fw282738895,F,21,010-2540-3428,35
dszwy3@google.com,이서웅,ro99647,M,51,010-9753-8429,23
scgyrrl636@google.com,윤윤연,g618001,F,31,010-0525-4268,22
zotxo5168@google.com,정하임,094977,M,38,010-6247-9455,24
nusvpv78@google.com,최현임,bj783355079,M,11,010-2712-0172,29
vsby6@google.com,강도수,x058874,M,42,010-2655-9841,26
yjmkrxqj17@google.com,박초웅,gw8648075126,M,67,010-6989-1015,36
axjfnuy384@google.com,강윤혜,06544,F,40,010-1737-5209,25
dyvad287@google.com,김민임,y23244,M,41,010-3886-5064,32
xlfv@google.com,장민임,70851,F,34,010-8660-7824,35
laysx9754@google.com,장도연,96381,F,47,010-6355-6335,32
wgvu95@google.com,김지혁,6421109506,F,71,010-4095-5431,39
uyjxitud06@google.com,임현장,b24351451,F,16,010-7276-3070,24
lywfatcu1@google.com,윤초혁,y103487170,M,28,010-3699-3323,33
nortv62@google.com,이서지,di8494246423,M,17,010-0920-8867,39
xzqby1453@google.com,장하임,g47331263,F,72,010-1807-4696,36
ghifymc3@google.com,윤예순,299023,F,15,010-1863-3060,25
qgbspm1482@google.com,김현웅,05321,M,76,010-9458-7271,39
ggwuf@google.com,김윤순,2089595,M,32,010-8623-4788,21
bdgbxeg023@google.com,조지혁,1439,M,54,010-3873-4466,11
moxewf279@google.com,강윤임,h0921137513,M,36,010-9918-0263,31
fsynzon7@google.com,정윤연,t3412,F,42,010-2646-3311,36
ztlkv57@google.com,이예진,8367408086,M,43,010-2788-9929,39
vxla64@google.com,이서웅,bm63520,M,49,010-5658-0306,26
hegwtbhr0054@google.com,장초순,yj9948861754,F,27,010-4023-6027,37
wkutqgiu9@google.com,강예순,1761037239,F,52,010-3159-1861,24
tghwho3687@google.com,김도수,k982572250,F,47,010-6897-6110,22
rbryfp0888@google.com,장하장,t775058631,F,22,010-5382-7619,29
bdiwtghp@google.com,윤민진,xt75448354,M,45,010-4880-7375,32
gcop6@google.com,윤윤진,ow6214781,F,44,010-6235-3496,24
hiezp81@google.com,윤초수,0704827884,F,61,010-4941-5871,22
wvdngsxw6@google.com,임민연,i665438111,F,34,010-9305-0790,31
otnzkazr@google.com,이예장,sp4046319475,F,72,010-9068-0596,22
fcyrf946@google.com,장초혜,td9926941555,M,27,010-1436-9026,11
hiey5835@google.com,임도지,zv3231146,M,59,010-6594-9572,11
otwgny547@google.com,윤예혁,63164126,M,39,010-7347-7331,31
ivkscsd76@google.com,임서임,t9207212,F,30,010-9494-7054,38
bnhmb713@google.com,장하지,84656,F,67,010-2107-9995,29
opyyfg271@google.com,임하혁,rv0358511563,F,73,010-7435-1398,24
lbsq0235@google.com,김도진,jl278231510,F,52,010-2763-9054,29
xnijqvj8609@google.com,김도연,3552122806,F,31,010-2548-3689,32
vurfxhs4010@google.com,임현임,01350,M,20,010-7383-0286,34
wpwya4@google.com,윤윤지,29079,F,79,010-8297-5261,26
elakz97@google.com,박초임,327842217,M,11,010-9007-9566,11
xsgnnvy0@google.com,김도지,f8099,M,28,010-3212-0999,11
xcea4054@google.com,김지웅,1981172650,M,65,010-4611-7441,29
tspmb29@google.com,조하연,i1176558961,F,80,010-5505-3580,32
cqpqjzm0609@google.com,조예임,337683089,M,60,010-7852-7518,34
mrfn0899@google.com,김지임,q69463,M,11,010-3554-3623,38
xmsm4479@google.com,이민지,b38833,F,50,010-7188-1749,25
imypd41@google.com,김서임,f3015,M,39,010-2451-3198,26
iiqke@google.com,임예수,al557870702,F,32,010-3413-1063,39
jxot1@google.com,장민연,8851996341,F,67,010-0570-1213,25
rcsxexn86@google.com,정지웅,60734,M,68,010-8510-6658,22
twua02@google.com,임초혁,x8051861477,M,44,010-5020-0007,37
pqwco053@google.com,이민웅,xo21681144,F,16,010-6489-6931,21
kxox0772@google.com,최현순,lh494448914,M,46,010-7392-6587,24
qjdarzju56@google.com,임윤진,5752608,F,47,010-7181-8069,21
rfwy339@google.com,최예혜,li6506617,F,17,010-7840-0144,32
memz9@google.com,최현혜,z272340506,F,61,010-1371-2108,25
snhmupe33@google.com,강민지,38793660,M,42,010-7596-0630,36
dnkomev@google.com,박서웅,779039683,F,55,010-0087-3085,24
gulgncp698@google.com,조도장,p8321463198,M,77,010-0333-5039,26
xunlmc5@google.com,이현지,zn9677,F,34,010-8467-3987,29
znlecai118@google.com,김예지,889831451,M,66,010-6296-8182,37
mrir256@google.com,강지순,66644092,F,61,010-7546-8670,34
bxeedf72@google.com,조초웅,85091,M,69,010-0090-6539,32
qmijkcf@google.com,윤현혁,sx899451,F,39,010-3311-2383,34
vuxnpnri80@google.com,윤민수,n5876378,M,69,010-2748-7482,25
eoqhdn90@google.com,임현장,om44914966,M,71,010-4690-0422,38
oejx5@google.com,임하순,g8863598298,M,26,010-1157-7361,22
ouymws63@google.com,박윤혜,5080548701,F,22,010-6907-3225,35
vrdgtpo7992@google.com,이도임,7727769769,F,70,010-0811-1979,33
fqibua9@google.com,강지순,jl118210750,M,61,010-7550-9508,37
elgoi51@google.com,윤예혜,th842936144,F,44,010-4829-9642,23
nyxdpy@google.com,최도지,c65372163,M,76,010-5327-4738,31
rgkhqfz3599@google.com,박서연,j1909,M,54,010-3527-1082,23
qdisz0@google.com,윤도혜,y0300502,F,53,010-3630-8800,35
vjnyjeg101@google.com,최지웅,h2637,F,66,010-5698-8269,39
pcwnhyze@google.com,김서혁,55277590,M,67,010-2329-8772,22
labth@google.com,장예수,2455407344,M,39,010-8378-0970,22
eorm946@google.com,조도수,kq04816,M,54,010-6444-9141,21
guvnh893@google.com,최서순,g6678703,F,25,010-5514-0882,36
tcvzznb1@google.com,임윤연,953315,F,54,010-8162-5247,26
yapgigv22@google.com,이도웅,pp8976968869,F,18,010-7552-0589,22
ouppwp20@google.com,윤예수,za8559808,F,18,010-8369-8350,25
ddqvc@google.com,강민웅,n1114605345,F,41,010-2701-2523,37
ggtp88@google.com,최민연,b802632292,M,74,010-6931-7665,24
wanw@google.com,강도지,ro387414,F,41,010-1027-3693,21
lugyrq5935@google.com,강예혜,b20712173,M,16,010-6248-1748,35
japlg@google.com,이도지,25172194,F,71,010-0562-1747,32
cmcw9720@google.com,박윤수,pc3352018,M,55,010-2675-0690,11
tpzapph7@google.com,최서혁,ni750191781,F,58,010-0615-2737,36
irushp4@google.com,박현순,h40818965,M,42,010-7594-6814,38
jkep6@google.com,김하순,t020991,M,18,010-7709-5576,26
jpctutl7@google.com,조하수,3770510,F,80,010-2903-9425,38
mvaqm0188@google.com,최예혁,mb85845375,F,49,010-5690-7477,35
frydh16@google.com,임초진,wg787264,F,27,010-3108-0267,24
egwcp334@google.com,이예연,9629002766,F,41,010-8322-4186,29
wvqijrge0@google.com,장예임,tv2160413447,M,57,010-0140-7286,22
utyjfysp5716@google.com,최하혁,gw2214239363,F,46,010-2763-4177,31
wdvpyqyu94@google.com,박하수,e5672545,M,37,010-7808-1036,36
csdjiuda85@google.com,조서순,z964994,M,27,010-3912-6767,34
xcwq2343@google.com,장윤임,g8423148419,M,63,010-8660-2987,29
tmkcocqg@google.com,김서수,ba998584,M,38,010-8457-8181,35
mtaasd9@google.com,임도장,455590,M,70,010-1140-8663,24
jlwg3@google.com,이현혜,z32338,M,66,010-9709-6393,36
ciyjifm7058@google.com,정도장,6146396366,M,22,010-1994-0362,11
arlutjcw0765@google.com,임서진,qo00645,F,46,010-7253-4139,11
fyptkvqe9272@google.com,정현진,oj285680739,F,49,010-6893-3771,29
zzfx617@google.com,이민진,10898,F,16,010-2421-7283,32
emukxnf910@google.com,김하혁,u17036,F,34,010-2825-0976,38
dbcetwx60@google.com,박초장,gm71996096,F,56,010-3812-5863,11
iqifaeaf77@google.com,장도순,ii90902308,F,54,010-8399-8027,29
aobw1206@google.com,윤하웅,15736811,M,31,010-6299-8727,37
rktof7687@google.com,윤도순,7630783,M,53,010-1444-0685,35
vsygae49@google.com,장지웅,u7577082831,M,73,010-1528-9699,21
kyrnhb60@google.com,조예지,pc2054,F,17,010-7813-2971,31
kvdrs639@google.com,조윤연,190793359,M,23,010-3333-3745,31
bbcoj3@google.com,김초진,hf35366630,F,73,010-9485-4704,23
glpf32@google.com,임예진,50395,M,49,010-3262-9817,29
qhmxurnq5045@google.com,장서혁,i9458854,M,45,010-5109-2163,34
ipufdrs05@google.com,강윤지,0896,F,76,010-1302-3989,21
chsl88@google.com,김예혁,030198,M,32,010-8446-7646,23
lhpdukvh0408@google.com,조하혁,60186,F,41,010-9228-9162,25
zcrltgbq45@google.com,정예혜,ro755336153,F,69,010-6594-1868,29
johrizr@google.com,정예순,gm39954,M,11,010-6919-5614,26
xfphnxhi@google.com,정현순,qn3582031761,M,13,010-4486-4734,34
dmrs4917@google.com,박예진,07078,F,51,010-5425-0340,36
zczsnvxk47@google.com,최민웅,f870333,F,42,010-8387-9070,35
uxnik4@google.com,조도임,fi56769,F,56,010-9154-8599,37
zxtgrax0086@google.com,조윤진,at41746,F,15,010-1160-8077,23
oimgjlfq6@google.com,박하혜,630564,F,45,010-0187-3805,26
gmoebt2847@google.com,정윤수,sh81960320,M,34,010-0868-4921,24
hril@google.com,조서진,3878208,M,20,010-9708-0645,25
ljwsb8@google.com,이민임,h8957631,F,28,010-6669-1670,26
qfqp797@google.com,최하연,f45300,M,41,010-0911-3250,35
ihjh74@google.com,조예순,az47910,F,21,010-8963-9146,11
vahivox@google.com,정민혜,dv78996965,M,35,010-8192-9014,23
vxrbkrd2@google.com,최서진,xb1179,M,12,010-3161-4149,32
edwjczmu783@google.com,조하진,3882860272,M,32,010-2896-6483,37
egjewnm4964@google.com,박현혁,gg608372688,F,44,010-6040-6707,37
kverue@google.com,장현진,40739063,F,21,010-4215-0483,37
gxbqsn66@google.com,장예진,yr6147014908,F,33,010-9885-9764,33
lycvcjzn@google.com,박하장,ab83841092,F,50,010-0186-0585,26
jybd2767@google.com,장민웅,uu437396,F,42,010-6326-0214,37
nnyrnbb7@google.com,김현혁,u6553910,M,18,010-7976-1641,11
lrarbpa784@google.com,강초임,xw2928,F,40,010-2679-0373,35
ijfaa479@google.com,장도임,t94539904,F,15,010-3639-7400,25
gxkhier@google.com,강예진,f748892,F,66,010-4566-7564,33
bmuejomp04@google.com,임윤웅,ib860694738,F,33,010-8797-1062,35
sdsaql0@google.com,임지지,7902368200,F,17,010-2274-4038,26
rtezk@google.com,장예혜,jj13176,M,12,010-1692-1308,34
gkwvdm0173@google.com,김윤연,ma371834729,F,53,010-3890-1133,22
wibu@google.com,박현수,b75224454,M,67,010-0391-2248,32
vjyo145@google.com,장현혜,n35316,F,31,010-6282-1572,33
aqcjer674@google.com,이하지,l8532,F,22,010-3237-6339,23
hbaba@google.com,이현지,pc903072935,M,71,010-0481-7807,34
uydrvhl@google.com,윤도혜,73288162,F,76,010-6969-8347,24
uhrvsdq477@google.com,김하혜,82058181,F,74,010-8656-0901,32
xjbtyiu806@google.com,이서임,z00871868,F,36,010-9196-6047,21
zltss5@google.com,윤초장,66423783,F,45,010-5322-4824,21
lluulzxp67@google.com,최하혜,t48339,F,66,010-6390-3995,39
mwyqc972@google.com,윤서웅,p4838,M,31,010-3594-2016,33
uuxykabn210@google.com,강윤순,1295053,M,50,010-9926-0833,34
offeiq@google.com,이지지,35839539,M,21,010-3831-0181,24
dchw@google.com,조예혜,cs1109,M,47,010-0401-3939,25
vfcilbns23@google.com,장초혜,zj820010135,F,31,010-2076-2026,24
lmczqn@google.com,조서혜,76504,M,21,010-4023-3272,39
iaagji48@google.com,김하수,tj2760,F,39,010-7768-2992,24
pulws5575@google.com,박예웅,vt37083170,M,16,010-1185-9169,32
leoceqxz9@google.com,윤예혁,a67563,M,39,010-9406-2790,21
xlvh7912@google.com,최서순,9763340,F,10,010-7210-8554,39
etwu7302@google.com,강윤임,l6877,M,24,010-2231-6004,37
tucns@google.com,정하지,94634,M,49,010-6655-8253,26
pnapzug@google.com,조도지,uo723855,F,55,010-0202-6114,24
ejvfaxc345@google.com,최윤임,n21907511,F,28,010-7821-0220,33
iqnhwvzo4118@google.com,최하순,089277,F,58,010-0306-6942,11
vjgrizzi@google.com,정현진,317575,M,22,010-5760-4075,38
szqeznl54@google.com,김도순,q137808,F,46,010-6630-6504,23
atklcie312@google.com,임초혜,rm2591927468,F,75,010-1279-3500,36
rydm@google.com,최초혜,4122,M,48,010-3482-7463,39
vwaxamzm9392@google.com,김하임,pu82885885,F,18,010-7518-6402,33
wnimo6@google.com,강초연,569091,M,18,010-4908-4364,22
uocljctv09@google.com,이초웅,z4244,F,12,010-5457-0564,29
blannc459@google.com,박지혁,df5762995194,F,18,010-9802-4116,33
tkhlhu8@google.com,장하진,w84653,M,60,010-0400-0292,22
udbsoh7780@google.com,강예임,084446,F,40,010-3146-4699,23
oukwuywi0714@google.com,최현연,6479,F,56,010-5426-3933,31
gghxw484@google.com,임민진,543518,M,49,010-3568-3942,24
cehhfzwj92@google.com,강도웅,21405,F,21,010-9582-5396,29
yhksnj475@google.com,김서임,8693,M,38,010-2363-7432,39
ekgvw@google.com,장예연,0038,M,63,010-8619-2102,39
zeahls@google.com,이하웅,8989,M,70,010-6690-8390,22
nbhkszf87@google.com,윤윤연,cj73697,F,21,010-3899-7517,34
mfcfughk@google.com,조현지,im5803,F,41,010-6206-1511,11
qbikkg61@google.com,조서혁,w983243678,M,59,010-2682-6076,22
lsoqqi6232@google.com,조윤순,ql680443708,M,60,010-2154-4304,26
aidgrh033@google.com,김하진,l00632,F,35,010-7024-0577,38
mmfnsw8@google.com,임윤수,8063286,M,28,010-6691-1234,24
frjmzr1008@google.com,윤윤장,199478251,F,75,010-5058-2799,38
sndmzbtj2@google.com,김초혜,909250,M,69,010-4316-7862,33
ewvzcww51@google.com,임하혁,x5824495,M,28,010-3616-8184,21
kzfvzxha@google.com,강현임,c29471227,M,62,010-3919-8428,31
ohbk@google.com,조초혜,a79232,M,45,010-5587-9583,33
njczhq395@google.com,김예순,3366,F,24,010-3756-2845,29
uwako1@google.com,윤윤지,g0012,F,41,010-3543-0606,21
qqvshgjh8@google.com,박윤임,me7657743,M,73,010-2826-2310,25
vjjil67@google.com,이도진,83625,F,68,010-8557-7726,36
qoqnf0@google.com,조하지,q137705728,M,55,010-0692-5441,29
iqzhlzh7675@google.com,조도진,wb8445755,M,77,010-5155-2052,31
npqkbjy771@google.com,최윤지,wl5477,F,67,010-1715-8880,24
zusv2@google.com,최지수,a9471,F,48,010-5586-0178,35
sbacift@google.com,정초연,172986,F,43,010-3055-4679,11
ntobdaq7@google.com,강예혁,7842,F,59,010-3503-9766,38
atshy@google.com,이민임,p0334,F,65,010-8613-4999,11
bxedrm532@google.com,박초웅,f238207582,M,33,010-0151-2093,29
znjg3490@google.com,장서장,el167163,F,42,010-4772-0445,33
iwzq2@google.com,임지수,0030,F,69,010-2293-2080,36
akbodb45@google.com,장서연,5907706,M,39,010-6446-5241,29
wyvvaxil@google.com,강도연,54567,F,64,010-1404-3349,23
yoomgm853@google.com,윤지순,kd028652,F,60,010-7573-0603,35
ubkimi8@google.com,최윤진,n55096793,F,30,010-4443-4552,21
eyszm@google.com,조지순,10137,M,28,010-7949-4347,22
ijwqublk175@google.com,윤민지,xr4006775,M,48,010-8861-4658,23
qdpfytca1028@google.com,박초웅,zg51246,M,67,010-4064-6365,31
yxismg93@google.com,정서수,k31471,F,76,010-3094-0124,23
udxm05@google.com,최도혁,24343,M,74,010-1131-7611,23
nxzclrrs52@google.com,최예임,tg593741167,M,57,010-5476-0689,33
cfqkqvd@google.com,최서장,f237582,M,20,010-3509-4539,33
yvixrok@google.com,정도순,4831,F,70,010-0521-2407,36
xrfr8023@google.com,이현수,rh9870175751,M,13,010-6698-0035,22
uxac@google.com,장초순,5233398824,M,59,010-5274-9112,11
nftbu@google.com,조현순,t6620281094,M,59,010-0954-9161,38
ytiiivz9@google.com,임지순,4625970674,M,59,010-2068-8462,11
iczidtw6@google.com,조서지,593495472,M,33,010-1306-3392,33
wwazncy92@google.com,강민장,371116786,F,67,010-1639-1916,31
pqhqb17@google.com,최도임,lh7289950,M,62,010-7035-3367,11
ggtpdjb373@google.com,윤하순,5199428,M,30,010-1569-6508,24
hlim716@google.com,정예순,6638606,F,72,010-5054-1844,22
fuzownuz72@google.com,장초혁,4722830,M,73,010-5097-2005,29
xbgjw571@google.com,김도연,371048,F,59,010-7928-1538,24
whbwar@google.com,정지임,h9762,M,78,010-6971-5470,11
nxkz@google.com,장윤혜,oa51956,F,13,010-6005-5116,35
zlrn050@google.com,윤윤연,9297043293,F,53,010-2452-9288,33
klontd30@google.com,정예장,50323173,F,48,010-6345-6004,31
vtjmea1053@google.com,최초지,n5810,F,34,010-7569-1025,23
pubchy4968@google.com,박초순,107237,F,65,010-0119-9825,33
wqfv9@google.com,조예지,000281515,M,56,010-7364-7382,24
zyymik32@google.com,김예수,nj0852,M,33,010-1267-2632,37
mflpad1014@google.com,조도수,s1671233,M,57,010-3867-1123,34
hcpox713@google.com,임지혜,ym81837,F,30,010-3032-5475,29
ngjmhwc66@google.com,강현진,131735,F,26,010-9547-1984,36
oiqlweao8@google.com,임서웅,185261000,M,18,010-7899-1402,25
lefxu7442@google.com,윤윤순,dh4286948,F,76,010-1797-4847,36
nmowup4@google.com,박예웅,jc479689745,M,53,010-7670-2614,38
fkbimi37@google.com,이도진,rd5643605615,F,16,010-1644-8219,11
vwteqah@google.com,임예순,97538379,F,74,010-1883-8806,21
xkayqxjp6@google.com,강도수,pk7770,F,41,010-9329-5100,25
khgo2933@google.com,장지장,87288887,F,18,010-7088-1094,39
xfng@google.com,장도임,5451,F,10,010-6162-2565,22
urbv64@google.com,장윤연,5838,F,55,010-6121-7315,33
kwlbds437@google.com,이초지,o3196438700,M,11,010-0990-0695,31
tkmagg02@google.com,임하수,4599886,F,27,010-6839-5909,23
zhzbauy45@google.com,임하수,pi9001373,M,69,010-3632-1399,34
temqdvf0274@google.com,윤서연,zj9272,M,57,010-2672-8540,22
dntj1663@google.com,강서혜,op2498,M,42,010-8946-5808,37
vykjlbui2@google.com,임민장,5144264,F,70,010-7758-6273,24
gaqge955@google.com,강민장,xp450774,M,37,010-0207-2596,39
bkvgev6928@google.com,김현임,ha49780,M,41,010-9295-2641,37
vazwu@google.com,김초장,v0496,M,18,010-7946-8002,35
dhlqyd@google.com,강도수,tx862074575,F,78,010-9183-4089,21
jxxusabf6@google.com,이민진,z834450710,F,65,010-8468-6597,37
hvlsffpz@google.com,김하웅,23195,M,17,010-2693-5635,33
ceukf347@google.com,윤예웅,6023,F,56,010-7219-2540,35
qgjldivd3933@google.com,김서웅,f735420271,M,68,010-5945-5327,35
cdzxmx21@google.com,윤민진,834126632,F,54,010-1437-0633,39
ltjksnu21@google.com,최현임,s19353,M,66,010-0625-6545,11
ztgnnkza97@google.com,윤지지,j117019,M,26,010-6616-5625,29
etib3@google.com,정예순,5977,F,80,010-6002-3974,36
hiwnhipm10@google.com,박현웅,68158,M,20,010-1770-8748,37
jspq245@google.com,이윤혁,ka260435837,F,22,010-2348-7458,39
epjkal8@google.com,정윤지,b2493014,M,60,010-9115-5726,29
uwpn06@google.com,장지지,mu577017,M,60,010-4203-4028,26
zvweteu@google.com,강현지,9193,M,15,010-3601-8759,34
yexowhe@google.com,강지혜,0898118229,F,66,010-0740-1616,31
vhlgjht@google.com,장지혜,k52314923,F,43,010-9707-8534,35
xemaaut3933@google.com,강윤임,bf1224308384,F,32,010-3601-4164,39
yzesunq6757@google.com,박지순,e399463,M,23,010-8007-9895,21
vtcx54@google.com,박예수,634048296,F,77,010-0503-5231,21
iycryode7@google.com,정초혁,9572,M,13,010-3776-1885,39
ikkto4832@google.com,정하웅,wf030773,F,51,010-9579-6292,37
vshwbcmj43@google.com,김하지,t442029,M,77,010-3293-4549,29
sugf4@google.com,박하수,t8379,M,80,010-9419-4831,11
pjenkkx06@google.com,최서임,ej1617068521,F,14,010-5676-2887,33
cqeosf@google.com,이지혜,bn05058,M,46,010-2128-5364,35
defsqo2455@google.com,정현연,lt9883889974,M,26,010-4611-3932,23
cuceebul2400@google.com,장윤순,77222181,F,60,010-0374-1502,11
xpagj374@google.com,이초수,x62913812,F,26,010-6009-6673,34
yvsnelau9826@google.com,정민지,cz092912,M,38,010-7260-8641,37
hycyirm0362@google.com,장서지,sg6067018,F,70,010-3874-0320,21
kcevt98@google.com,정도수,r055235,M,20,010-2402-2852,26
cicag@google.com,이서장,67039,M,29,010-4528-7497,11
rqohnltp6237@google.com,정초진,9082555093,M,14,010-1821-7412,35
hawnhijo7@google.com,김하연,0474877,F,79,010-9715-2686,26
fmanjrz@google.com,강초장,xm9532278335,F,40,010-0053-2362,21
mxwx53@google.com,장현장,79073527,F,52,010-4999-2828,35
wzqi@google.com,조윤임,c9718,M,54,010-4076-2131,23
euogmt34@google.com,정민웅,gn2182056,F,19,010-9956-1577,37
rtvqiosn94@google.com,정도웅,5186044819,M,27,010-1175-1758,38
ggdyrzo136@google.com,강서순,5002,M,56,010-4888-4070,31
biaji4@google.com,김초진,f301086,F,57,010-6134-6898,33
rceeivf@google.com,이현순,lt31171,M,71,010-9792-3619,39
xfbunp5@google.com,강윤혁,939364496,F,59,010-9921-8093,33
bker4@google.com,이서수,ph19130311,M,26,010-3219-0326,37
ypvrbv52@google.com,강예웅,24675,M,33,010-2039-1597,37
muqwfjt@google.com,정서혁,096462,M,71,010-2825-0294,21
qymna@google.com,박하지,a7361,M,11,010-8491-0588,38
lkbgcvmi6@google.com,박하순,87096,F,53,010-4120-3055,32
nwclmrj7@google.com,이하혜,ao02599425,F,16,010-6133-8406,37
jvehc815@google.com,최지진,713330423,F,10,010-7766-7509,22
gxstbkzy54@google.com,윤현순,kn7236,F,23,010-6576-2627,35
nuksult30@google.com,윤지진,5417,M,65,010-2029-1649,11
qfpnwv136@google.com,박윤임,h1453538538,M,39,010-6228-1055,23
fucualj3303@google.com,이지수,zg83907,F,30,010-9495-9945,26
kkbbfuil193@google.com,정지진,sd993175,F,62,010-0010-0176,29
bkcbljg04@google.com,장지지,ay83764,M,40,010-1737-5621,24
aymv4559@google.com,장지혁,136831946,F,47,010-2139-3537,23
lhibl595@google.com,강서장,vk013013,M,47,010-6362-7353,23
quyteyn2826@google.com,박서혜,q2811,M,61,010-5077-7596,33
kpzfk13@google.com,임예혜,820176928,F,61,010-0373-4758,29
qsryuakq2@google.com,이지진,v364589053,F,28,010-9465-9778,26
iklhrf556@google.com,임예혜,qa2070583,F,33,010-3704-1971,24
jpuop36@google.com,정윤장,tn78084209,M,74,010-2905-3415,11
rhxq263@google.com,강서혜,532662,M,20,010-4741-9173,34
gnkx239@google.com,윤서진,jb26184,F,79,010-5256-6770,37
xfixveze3@google.com,조서임,ft21308303,F,71,010-8533-4075,33
uult296@google.com,박초수,78247423,F,51,010-7865-4824,31
wmcgqqj1@google.com,김도장,tc0466961388,F,50,010-0407-7510,32
rmzvcqf@google.com,강초수,py3643788,M,18,010-9213-6000,24
strsxo6429@google.com,장윤혜,ol34073,M,27,010-1594-7600,29
raxsvtx4@google.com,윤현지,bp109803,M,51,010-1076-6204,29
wdqhhfqe685@google.com,임윤지,1769491969,F,28,010-4375-9443,31
dsgnuj@google.com,윤윤순,w0837701923,F,15,010-3277-2683,38
kwqguc7614@google.com,장하순,a96793836,M,27,010-9458-0682,21
xury4@google.com,임도혁,tw7280,F,69,010-7000-7647,37
gbqcr@google.com,김윤수,e447197810,F,75,010-9625-8292,31
sfirmfhr3974@google.com,김민수,6563,F,11,010-0778-0178,35
qdnqd0@google.com,장하혁,l0164000679,M,35,010-0380-2147,25
qdhg01@google.com,임지혁,0652,F,73,010-4107-0618,33
fhtn38@google.com,강예혜,e971048899,F,28,010-0092-0248,39
damdqz55@google.com,박민혜,hn5460,M,18,010-9319-5963,36
ycqx8@google.com,이현연,nb149340091,M,68,010-9257-7474,37
hwtl7@google.com,임지순,pr11127080,F,52,010-5356-1155,34
gdko652@google.com,박서지,ao04826356,F,40,010-1692-3771,36
ukediwl915@google.com,강현진,nt5176062884,F,40,010-4297-0359,37
cfzgvnvg6207@google.com,이윤순,kq5584,M,33,010-2471-3602,26
rtecugqr@google.com,조예임,v496466583,F,33,010-1552-4640,35
diccgptb802@google.com,임서혜,i64335,F,38,010-0918-2506,31
mcgf849@google.com,이서웅,kg9990672,M,18,010-1472-8131,29
rtau4@google.com,윤서연,qq7282888515,M,40,010-4069-7728,39
kqjcb78@google.com,윤현연,68881999,M,64,010-8186-6977,37
iutzlqq20@google.com,장민수,qa3407413011,F,26,010-0739-0923,32
llyetl11@google.com,박윤연,p7076232168,F,23,010-6619-0218,36
yqsake@google.com,장지순,7576033,M,19,010-4468-5187,32
srako0@google.com,김서혁,01415988,M,34,010-6508-8485,37
noai25@google.com,박현순,fz4973651421,F,67,010-4250-9978,23
ofxfx3@google.com,이현연,jh767239,F,25,010-2260-4606,23
xwtwqw@google.com,최도수,7033,F,52,010-0329-6216,37
lbonk8094@google.com,윤지진,1304040069,F,16,010-7870-5878,23
urddehv@google.com,정현웅,dd559725,F,69,010-3337-3244,34
nhna22@google.com,박하수,89602,M,24,010-5203-4751,33
ybpd@google.com,조하장,aj948706,M,63,010-8496-8669,31
exmwi55@google.com,최민수,f44764138,F,62,010-0359-3362,26
ttsp0809@google.com,정민수,54163,M,28,010-8179-2486,36
urbmkh768@google.com,박초연,791645,F,52,010-8014-6038,39
yjbqqe329@google.com,조하진,q298304108,F,60,010-1886-2924,22
ezlzvoln@google.com,박서혁,f2532,M,45,010-4317-1145,26
uaipid@google.com,최지연,79799,M,30,010-3243-0819,11
slnqg6997@google.com,윤하장,727520,F,18,010-2828-8171,22
qtufuuyt74@google.com,강초장,yx9918,M,59,010-6204-1488,25
bywy367@google.com,장윤장,o1604225,M,54,010-3597-9002,38
flza@google.com,정도순,d2969248,M,72,010-8395-6739,38
vgkphq986@google.com,정민혜,lq195522,F,21,010-5573-1400,37
yvgeuqzx4@google.com,윤하지,ur2605,F,13,010-6744-1244,37
qfzziusa3985@google.com,강지수,a372599,M,24,010-1378-7724,33
ybza77@google.com,조도장,8118082899,M,72,010-1631-4657,37
wjtakj1@google.com,김현지,hz484398989,M,16,010-5650-3722,33
qyrnpt@google.com,조초지,w59881,M,53,010-6787-2351,35
rccbchco837@google.com,임도순,ac144830,F,51,010-8687-6092,32
mmbpyxdj5@google.com,박예수,4089044,M,66,010-6351-9969,11
emdalb1157@google.com,윤초웅,013605,F,33,010-4560-6519,39
xhpdw@google.com,조지웅,230669,F,18,010-6105-1170,31
wsrejsr2@google.com,윤하지,ms049123,F,72,010-6316-4567,26
rnbugkf774@google.com,조지장,mq85919380,F,44,010-2357-5974,31
ftwwr1691@google.com,이도혁,301672,F,62,010-7882-9601,23
tbptwm960@google.com,정예연,ed1914191,M,62,010-0522-7684,36
gugdgp82@google.com,최민임,v8922095069,F,37,010-4067-0729,23
nvakpgg@google.com,김하웅,q70909151,M,33,010-0825-6179,37
bjneytb@google.com,조예연,h835020419,M,35,010-4875-6746,32
ndbxt271@google.com,이하혁,z02207928,F,70,010-0105-3573,36
rwkqwqwg2@google.com,박예연,fz53783936,F,79,010-6048-5554,26
ufgeaadc76@google.com,김도지,c7724,M,12,010-2245-2899,24
ckrkcb024@google.com,박현장,328786137,F,31,010-6865-8957,38
knjpsb46@google.com,이윤연,8237173,M,31,010-7203-6047,25
nljj3@google.com,강민진,u23806,F,51,010-8133-2548,39
eejw4963@google.com,최지장,b0834,M,14,010-9822-0190,21
pouaf000@google.com,윤예수,cy677746,M,47,010-4463-2554,21
uoizqgeq@google.com,강하순,l402803366,F,40,010-7341-6823,25
xlnmxvy53@google.com,윤예순,m38466,M,61,010-2909-9656,32
rihva3376@google.com,강하수,ja4029310,F,59,010-9236-1330,29
atehryyq4@google.com,이초혁,13445964,M,78,010-7850-5928,29
vdlzaz98@google.com,김서임,bu319904824,F,73,010-0560-0301,39
mncz5364@google.com,장지진,g290820,M,23,010-2626-1682,31
vqmxgd01@google.com,정윤혁,08333,F,56,010-3042-1410,37
mqixtdu6@google.com,윤하수,eh5028614172,M,46,010-8897-3191,33
zbfihpbc@google.com,박윤웅,3200861,F,37,010-1380-7104,35
adkrx@google.com,조예임,6449874,F,65,010-6420-4791,32
neulqai556@google.com,김하지,331198107,M,18,010-0935-4114,33
vzmlqjbo7@google.com,윤하장,19139270,F,31,010-8193-0215,24
kexa6@google.com,김윤임,4301,F,44,010-2710-7041,37
modas@google.com,강현지,cc1548311782,F,37,010-7398-5411,31
xskaoyx902@google.com,정윤혁,94487,M,63,010-4061-4305,34
qhpgadp8@google.com,조윤장,f68111621,F,79,010-0449-4888,21
mvcgcpkd656@google.com,최도지,vf25808,F,13,010-9412-3064,33
eesvbkhh0@google.com,조지수,ee8389520599,M,18,010-5550-9587,22
euknnly@google.com,박민혁,s4792879,M,76,010-1542-4190,34
zfvizt23@google.com,윤예수,87958,M,35,010-7289-1889,25
nbtaonxi60@google.com,박초혜,bn802740,F,27,010-0648-0842,24
htxaj71@google.com,정예수,fx5098990,F,16,010-3401-2721,37
wxxlfcf9@google.com,장예웅,24383482,F,46,010-8434-2297,29
nigq12@google.com,임예혁,u4290066,F,61,010-8617-6147,29
nwbi3@google.com,윤초웅,q3688328666,F,42,010-1398-2688,23
nzqtnin3914@google.com,이서수,fl7665,F,69,010-4567-1889,38
qxrry7305@google.com,조현지,nx12102,F,18,010-4990-1041,29
fkniflza@google.com,임현임,io9004,M,31,010-2881-8547,25
mvrfaka8@google.com,조하혜,19460,F,73,010-9213-2028,11
jvqvbkk85@google.com,장지혜,1556608,M,51,010-7727-3346,25
kuxgkt55@google.com,강도혜,053699,M,13,010-4859-0497,37
okqzoscn4353@google.com,정윤혜,p26348,M,28,010-0344-7958,11
kklhwbel7178@google.com,이서진,qj3945614,M,74,010-3473-2260,33
nejpdfpj79@google.com,조도혁,045805899,M,39,010-5523-7036,35
qntqkcrj1235@google.com,김도지,nt2879176,F,50,010-0293-6698,21
ryzobqg2750@google.com,박도진,u900851,M,64,010-0096-2405,36
hqqiwalx1@google.com,정예혜,s0449,M,16,010-9206-8827,36
ukxkwliw47@google.com,윤초진,4952,M,66,010-0950-5482,34
wuvuao1841@google.com,조지수,se9128,F,62,010-0288-1345,37
abploam6685@google.com,강하진,i71191,M,48,010-4961-6336,38
pmgq0@google.com,윤예수,tn926115,F,59,010-9210-6280,38
vtlialn56@google.com,정민지,w077841,F,37,010-4410-1129,21
tcvmfr4@google.com,이지장,ra1685,M,21,010-6847-4903,23
lqzsxskh7095@google.com,임지순,rv574877445,M,64,010-6020-4665,37
oepd919@google.com,장하연,i290947480,F,14,010-2170-7233,26
cymrytb1@google.com,강예혜,253982832,F,17,010-3152-1006,26
nrpeayis57@google.com,윤현웅,444746412,M,54,010-2403-5577,29
knlr35@google.com,정윤진,q543394,F,23,010-8684-2299,37
pczlz@google.com,조하혁,ue9539,F,45,010-8782-2225,22
twkbg20@google.com,윤민진,6728003,M,43,010-7245-8857,24
rhcp@google.com,이도수,875389477,F,31,010-8356-6141,26
vipyngsj@google.com,최하연,q43126327,M,33,010-9480-4440,39
ekbby0627@google.com,김윤장,882642,M,29,010-3947-2062,23
yxuwt2@google.com,최현임,ez17436,M,30,010-4092-9766,26
ybtbqu@google.com,이초연,0097,M,24,010-6700-4923,37
zjvl@google.com,강하웅,w7431516132,M,23,010-7131-5048,26
wklvsbnt9232@google.com,윤윤수,854292,M,30,010-0194-4630,29
mqmm7@google.com,최예장,pk5438,F,50,010-1314-0524,35
iniujb3@google.com,김하혁,46546,M,38,010-0900-3915,23
uoke0@google.com,임윤혁,330024,F,22,010-3949-4594,36
prfx483@google.com,임하임,569524234,M,49,010-9486-2146,23
srpljo8049@google.com,박민장,155749842,M,14,010-1606-0344,36
fpjzuecm5544@google.com,김현혁,vd442656900,M,36,010-8532-1777,29
lgawdpbq13@google.com,최현연,92716998,F,10,010-4593-0630,25
ewsrjq@google.com,임윤웅,oa0705,M,54,010-5661-5365,36
gbmj30@google.com,조서혜,w8881,F,74,010-2089-5925,39
urlzucxk0@google.com,윤하혁,dq1078,F,66,010-6839-4353,25
rdblp08@google.com,장하수,ik2829,F,76,010-3923-2760,11
